file	line	test	site	outcome	reason	detail
server/cmd/server/activity_listeners_test.go	89	TestActivityIssueCreated_AutopilotMapPayload	direct_handler	skipped	no_status_assertion	no `ctx.Code` comparison before line 133
server/cmd/server/autopilot_actor_forgery_test.go	71	TestAutopilotWritesIgnoreForgedAgentIdentity	http.NewRequest	skipped	no_status_assertion	no status comparison on req
server/cmd/server/autopilot_dispatch_for_plan_test.go	44	TestDispatchAutopilotForPlanIsIdempotent	direct_handler	skipped	no_status_assertion	no `ctx.Code` comparison before line 66
server/cmd/server/autopilot_dispatch_for_plan_test.go	66	TestDispatchAutopilotForPlanIsIdempotent	direct_handler	skipped	no_status_assertion	no `ctx.Code` comparison before line 154
server/cmd/server/autopilot_dispatch_for_plan_test.go	172	TestDispatchAutopilotSuppressesRecentDuplicateIssue	direct_handler	skipped	no_status_assertion	no `ctx.Code` comparison before line 223
server/cmd/server/autopilot_dispatch_for_plan_test.go	296	TestDispatchAutopilotForPlanRecoversPartialRun	direct_handler	skipped	no_status_assertion	no `ctx.Code` comparison before line 318
server/cmd/server/autopilot_dispatch_for_plan_test.go	318	TestDispatchAutopilotForPlanRecoversPartialRun	direct_handler	skipped	no_status_assertion	no `ctx.Code` comparison before line 435
server/cmd/server/autopilot_failure_monitor_test.go	35	?	direct_handler	helper_site	-	request built inside a test helper, asserted by its callers
server/cmd/server/autopilot_failure_monitor_test.go	81	?	direct_handler	helper_site	-	request built inside a test helper, asserted by its callers
server/cmd/server/autopilot_listeners_test.go	20	?	direct_handler	helper_site	-	request built inside a test helper, asserted by its callers
server/cmd/server/autopilot_listeners_test.go	61	TestAutopilotRunOnlyTaskTerminalEventsUpdateRun	direct_handler	skipped	no_status_assertion	no `ctx.Code` comparison before line 71
server/cmd/server/autopilot_listeners_test.go	71	TestAutopilotRunOnlyTaskTerminalEventsUpdateRun	direct_handler	skipped	no_status_assertion	no `ctx.Code` comparison before line 82
server/cmd/server/autopilot_listeners_test.go	82	TestAutopilotRunOnlyTaskTerminalEventsUpdateRun	direct_handler	skipped	no_status_assertion	no `ctx.Code` comparison before line 124
server/cmd/server/autopilot_listeners_test.go	124	TestAutopilotRunOnlyTaskTerminalEventsUpdateRun	direct_handler	skipped	no_status_assertion	no `ctx.Code` comparison before line 144
server/cmd/server/autopilot_listeners_test.go	177	?	direct_handler	helper_site	-	request built inside a test helper, asserted by its callers
server/cmd/server/autopilot_listeners_test.go	209	?	direct_handler	helper_site	-	request built inside a test helper, asserted by its callers
server/cmd/server/autopilot_listeners_test.go	374	TestAutopilotDispatchSkipsWhenRuntimeOffline	direct_handler	skipped	no_status_assertion	no `ctx.Code` comparison before line 421
server/cmd/server/autopilot_listeners_test.go	463	TestAutopilotCreateIssueDispatchCreatesIssueWhenRuntimeOffline	direct_handler	skipped	no_status_assertion	no `ctx.Code` comparison before line 504
server/cmd/server/autopilot_listeners_test.go	504	TestAutopilotCreateIssueDispatchCreatesIssueWhenRuntimeOffline	direct_handler	skipped	no_status_assertion	no `ctx.Code` comparison before line 517
server/cmd/server/autopilot_listeners_test.go	575	TestManualTriggerDoesNotErrorOnPostAdmissionSkip	direct_handler	skipped	no_status_assertion	no `ctx.Code` comparison before line 604
server/cmd/server/autopilot_schedule_job_test.go	39	?	direct_handler	helper_site	-	request built inside a test helper, asserted by its callers
server/cmd/server/autopilot_schedule_job_test.go	55	?	direct_handler	helper_site	-	request built inside a test helper, asserted by its callers
server/cmd/server/autopilot_schedule_job_test.go	494	TestAutopilotScheduleJobPausedAutopilotSkipsAtHandler	direct_handler	skipped	no_status_assertion	no `ctx.Code` comparison before line 536
server/cmd/server/autopilot_schedule_job_test.go	619	?	direct_handler	helper_site	-	request built inside a test helper, asserted by its callers
server/cmd/server/autopilot_schedule_job_test.go	641	?	direct_handler	helper_site	-	request built inside a test helper, asserted by its callers
server/cmd/server/autopilot_webhook_broadcast_test.go	49	TestAutopilotWebhookTokenIsNotBroadcastToTheWorkspace	http.NewRequest	skipped	no_status_assertion	no status comparison on req
server/cmd/server/autopilot_webhook_broadcast_test.go	92	TestAutopilotWebhookTokenIsNotBroadcastToTheWorkspace	authRequest	skipped	value_unresolved	fixture needs values the runner cannot bind: $autopilotID, $triggerID
server/cmd/server/comment_at_least_once_test.go	65	TestConsecutiveCommentsMergeNotDropped	authRequest	skipped	no_status_assertion	no status comparison on resp
server/cmd/server/comment_at_least_once_test.go	113	TestGetLatestMemberCommentForIssueSince	authRequest	skipped	no_status_assertion	no status comparison on resp
server/cmd/server/comment_at_least_once_test.go	214	TestMergeCommentIntoPendingTask_RecomputesOriginatorAndSkipsDispatched	authRequest	skipped	no_status_assertion	no status comparison on resp
server/cmd/server/comment_at_least_once_test.go	342	TestMergeCommentIntoPendingTask_TargetsQueuedNotDeferred	authRequest	skipped	no_status_assertion	no status comparison on resp
server/cmd/server/comment_attachment_integration_test.go	51	TestUpdateCommentAttachments	authRequest	skipped	no_status_assertion	no status comparison on resp
server/cmd/server/comment_attachment_integration_test.go	61	TestUpdateCommentAttachments	authRequest	skipped	body_unresolved	body_unresolved
server/cmd/server/comment_attachment_integration_test.go	82	TestUpdateCommentAttachments	authRequest	skipped	body_unresolved	body_unresolved
server/cmd/server/comment_attachment_integration_test.go	105	TestUpdateCommentAttachments	authRequest	skipped	body_unresolved	body_unresolved
server/cmd/server/comment_attachment_integration_test.go	124	TestUpdateCommentAttachments	authRequest	skipped	value_unresolved	fixture needs values the runner cannot bind: $commentID
server/cmd/server/comment_attachment_integration_test.go	142	TestUpdateCommentAttachments	authRequest	skipped	body_unresolved	body_unresolved
server/cmd/server/comment_attachment_integration_test.go	161	TestUpdateCommentAttachments	authRequest	skipped	value_unresolved	fixture needs values the runner cannot bind: $commentID
server/cmd/server/comment_edit_mention_integration_test.go	14	TestEditCommentTriggers	authRequest	skipped	no_status_assertion	no status comparison on resp
server/cmd/server/comment_edit_mention_integration_test.go	24	TestEditCommentTriggers	authRequest	skipped	body_unresolved	body_unresolved
server/cmd/server/comment_edit_mention_integration_test.go	48	TestEditCommentTriggers	authRequest	skipped	value_unresolved	fixture needs values the runner cannot bind: $commentID
server/cmd/server/comment_edit_mention_integration_test.go	75	TestEditCommentTriggers	authRequest	skipped	body_unresolved	body_unresolved
server/cmd/server/comment_edit_mention_integration_test.go	94	TestEditCommentTriggers	authRequest	skipped	no_status_assertion	no status comparison on resp
server/cmd/server/comment_edit_mention_integration_test.go	106	TestEditCommentTriggers	authRequest	skipped	value_unresolved	fixture needs values the runner cannot bind: $commentID
server/cmd/server/comment_trigger_integration_test.go	34	?	http.NewRequest	helper_site	-	request built inside a test helper, asserted by its callers
server/cmd/server/comment_trigger_integration_test.go	160	?	authRequest	helper_site	-	request built inside a test helper, asserted by its callers
server/cmd/server/comment_trigger_integration_test.go	174	?	authRequest	helper_site	-	request built inside a test helper, asserted by its callers
server/cmd/server/comment_trigger_integration_test.go	182	?	authRequest	helper_site	-	request built inside a test helper, asserted by its callers
server/cmd/server/comment_trigger_integration_test.go	196	?	authRequest	helper_site	-	request built inside a test helper, asserted by its callers
server/cmd/server/comment_trigger_integration_test.go	204	?	authRequest	helper_site	-	request built inside a test helper, asserted by its callers
server/cmd/server/comment_trigger_integration_test.go	216	?	authRequest	helper_site	-	request built inside a test helper, asserted by its callers
server/cmd/server/comment_trigger_integration_test.go	240	?	authRequest	helper_site	-	request built inside a test helper, asserted by its callers
server/cmd/server/comment_trigger_integration_test.go	286	TestCommentTriggerOnComment	authRequest	skipped	no_status_assertion	no status comparison on resp
server/cmd/server/comment_trigger_integration_test.go	426	TestCommentTriggerAtAllSuppression	authRequest	skipped	no_status_assertion	no status comparison on resp
server/cmd/server/comment_trigger_integration_test.go	466	TestCommentTriggerOnAssignNoStatusGate	authRequest	skipped	no_status_assertion	no status comparison on resp
server/cmd/server/comment_trigger_integration_test.go	473	TestCommentTriggerOnAssignNoStatusGate	authRequest	skipped	no_status_assertion	no status comparison on resp
server/cmd/server/comment_trigger_integration_test.go	478	TestCommentTriggerOnAssignNoStatusGate	authRequest	skipped	body_unresolved	body_unresolved
server/cmd/server/comment_trigger_integration_test.go	501	TestCommentTriggerOnMentionNoStatusGate	authRequest	skipped	no_status_assertion	no status comparison on resp
server/cmd/server/comment_trigger_integration_test.go	508	TestCommentTriggerOnMentionNoStatusGate	authRequest	skipped	no_status_assertion	no status comparison on resp
server/cmd/server/comment_trigger_integration_test.go	531	TestCommentTriggerThreadExplicitMentions	authRequest	skipped	no_status_assertion	no status comparison on resp
server/cmd/server/comment_trigger_integration_test.go	651	TestDeleteCommentCancelsTriggeredTasks	authRequest	skipped	no_status_assertion	no status comparison on resp
server/cmd/server/comment_trigger_integration_test.go	662	TestDeleteCommentCancelsTriggeredTasks	authRequest	skipped	value_unresolved	fixture needs values the runner cannot bind: $commentID
server/cmd/server/comment_trigger_integration_test.go	681	TestCommentThreadsQueueSeparatelyFromAssignment	authRequest	skipped	no_status_assertion	no status comparison on resp
server/cmd/server/comment_trigger_integration_test.go	713	TestCommentTriggerMentionAssigneeDoneIssue	authRequest	skipped	no_status_assertion	no status comparison on resp
server/cmd/server/comment_trigger_integration_test.go	720	TestCommentTriggerMentionAssigneeDoneIssue	authRequest	skipped	no_status_assertion	no status comparison on resp
server/cmd/server/composio_callback_public_test.go	25	TestComposioCallbackIsPublic_NoCookieNot401	http.Get	extracted	-	1 fixture(s)
server/cmd/server/composio_callback_public_test.go	52	TestComposioNonCallbackEndpointsStayGated	http.NewRequest	skipped	no_status_assertion	no status comparison on req
server/cmd/server/delegated_subscriber_concurrency_test.go	121	TestDelegatedSubscribe_BlocksOnConcurrentSubtreeOptOut	direct_handler	skipped	recorder_var_unresolved	recorder argument 'context.Background()' is not a plain variable
server/cmd/server/delegated_subscriber_concurrency_test.go	199	?	direct_handler	helper_site	-	request built inside a test helper, asserted by its callers
server/cmd/server/delegated_subscriber_review_test.go	194	TestUnsubscribeSubtreeReportsEveryAffectedIssue	direct_handler	skipped	no_status_assertion	no `ctx.Code` comparison before line 214
server/cmd/server/delegated_subscriber_test.go	114	?	direct_handler	helper_site	-	request built inside a test helper, asserted by its callers
server/cmd/server/delegated_subscriber_test.go	378	TestDelegatedSubscribe_RespectsSubtreeOptOut	direct_handler	skipped	no_status_assertion	no `ctx.Code` comparison before line 394
server/cmd/server/inbox_archive_test.go	12	TestArchivedInboxPageAndFacetsThroughRouter	authRequest	skipped	value_unresolved	fixture needs values the runner cannot bind: $path
server/cmd/server/inbox_archive_test.go	25	TestArchivedInboxPageAndFacetsThroughRouter	authRequest	extracted	-	1 fixture(s)
server/cmd/server/integration_test.go	168	?	authRequest	helper_site	-	request built inside a test helper, asserted by its callers
server/cmd/server/integration_test.go	175	?	http.NewRequest	helper_site	-	request built inside a test helper, asserted by its callers
server/cmd/server/integration_test.go	212	TestHealth	http.Get	extracted	-	1 fixture(s)
server/cmd/server/integration_test.go	232	TestReadinessEndpoints	http.Get	skipped	value_unresolved	fixture needs values the runner cannot bind: $path
server/cmd/server/integration_test.go	263	TestConfigRouteIsPublic	http.Get	extracted	-	1 fixture(s)
server/cmd/server/integration_test.go	352	TestSendCodeAndVerify	http.NewRequest	skipped	no_status_assertion	no status comparison on req
server/cmd/server/integration_test.go	406	TestVerifyCodeNewUserHasNoWorkspace	http.NewRequest	skipped	no_status_assertion	no status comparison on req
server/cmd/server/integration_test.go	433	TestProtectedRoutesRequireAuth	http.Get	extracted	-	5 fixture(s)
server/cmd/server/integration_test.go	465	TestInvalidJWT	http.NewRequest	skipped	no_status_assertion	no status comparison on req
server/cmd/server/integration_test.go	485	TestIssuesCRUDThroughRouter	authRequest	extracted	-	1 fixture(s)
server/cmd/server/integration_test.go	504	TestIssuesCRUDThroughRouter	authRequest	extracted	-	1 fixture(s)
server/cmd/server/integration_test.go	515	TestIssuesCRUDThroughRouter	authRequest	extracted	-	1 fixture(s)
server/cmd/server/integration_test.go	531	TestIssuesCRUDThroughRouter	authRequest	extracted	-	1 fixture(s)
server/cmd/server/integration_test.go	547	TestIssuesCRUDThroughRouter	authRequest	extracted	-	1 fixture(s)
server/cmd/server/integration_test.go	559	TestIssuesCRUDThroughRouter	authRequest	extracted	-	1 fixture(s)
server/cmd/server/integration_test.go	566	TestIssuesCRUDThroughRouter	authRequest	extracted	-	1 fixture(s)
server/cmd/server/integration_test.go	577	TestCommentsThroughRouter	authRequest	skipped	no_status_assertion	no status comparison on resp
server/cmd/server/integration_test.go	585	TestCommentsThroughRouter	authRequest	extracted	-	1 fixture(s)
server/cmd/server/integration_test.go	601	TestCommentsThroughRouter	authRequest	skipped	no_status_assertion	no status comparison on resp
server/cmd/server/integration_test.go	608	TestCommentsThroughRouter	authRequest	extracted	-	1 fixture(s)
server/cmd/server/integration_test.go	619	TestCommentsThroughRouter	authRequest	skipped	no_status_assertion	no status comparison on resp
server/cmd/server/integration_test.go	627	TestAgentsThroughRouter	authRequest	extracted	-	1 fixture(s)
server/cmd/server/integration_test.go	639	TestAgentsThroughRouter	authRequest	extracted	-	1 fixture(s)
server/cmd/server/integration_test.go	650	TestAgentsThroughRouter	authRequest	extracted	-	1 fixture(s)
server/cmd/server/integration_test.go	671	TestWorkspacesThroughRouter	authRequest	extracted	-	1 fixture(s)
server/cmd/server/integration_test.go	683	TestWorkspacesThroughRouter	authRequest	extracted	-	1 fixture(s)
server/cmd/server/integration_test.go	694	TestWorkspacesThroughRouter	authRequest	extracted	-	1 fixture(s)
server/cmd/server/integration_test.go	711	TestWorkspacesThroughRouter	authRequest	extracted	-	1 fixture(s)
server/cmd/server/integration_test.go	760	TestDeleteWorkspaceRequiresOwner	http.NewRequest	skipped	no_status_assertion	no status comparison on req
server/cmd/server/integration_test.go	786	TestDingTalkGroupsThroughRouterSupportsFilteredWorkspaceAndAgentScopes	authRequest	extracted	-	1 fixture(s)
server/cmd/server/integration_test.go	792	TestDingTalkGroupsThroughRouterSupportsFilteredWorkspaceAndAgentScopes	authRequest	extracted	-	1 fixture(s)
server/cmd/server/integration_test.go	811	TestDingTalkGroupsThroughRouterSupportsFilteredWorkspaceAndAgentScopes	authRequest	extracted	-	1 fixture(s)
server/cmd/server/integration_test.go	840	TestDingTalkGroupsThroughRouterSupportsFilteredWorkspaceAndAgentScopes	http.NewRequest	skipped	no_status_assertion	no status comparison on req
server/cmd/server/integration_test.go	873	TestDingTalkGroupsThroughRouterSupportsFilteredWorkspaceAndAgentScopes	http.NewRequest	skipped	no_status_assertion	no status comparison on req
server/cmd/server/integration_test.go	927	TestDingTalkGroupsThroughRouterSupportsFilteredWorkspaceAndAgentScopes	http.NewRequest	skipped	no_status_assertion	no status comparison on req
server/cmd/server/integration_test.go	961	TestDingTalkGroupsThroughRouterSupportsFilteredWorkspaceAndAgentScopes	http.NewRequest	skipped	no_status_assertion	no status comparison on req
server/cmd/server/integration_test.go	977	TestDingTalkGroupsThroughRouterSupportsFilteredWorkspaceAndAgentScopes	authRequest	extracted	-	1 fixture(s)
server/cmd/server/integration_test.go	987	TestInboxThroughRouter	authRequest	extracted	-	1 fixture(s)
server/cmd/server/integration_test.go	1015	TestInboxUnreadSummaryThroughRouter	authRequest	extracted	-	1 fixture(s)
server/cmd/server/integration_test.go	1042	TestInboxUnreadSummaryThroughRouter	authRequest	extracted	-	1 fixture(s)
server/cmd/server/integration_test.go	1094	?	authRequest	helper_site	-	request built inside a test helper, asserted by its callers
server/cmd/server/integration_test.go	1196	TestUnarchiveInboxPreservesUnread	authRequest	skipped	value_unresolved	fixture needs values the runner cannot bind: $unreadItemID
server/cmd/server/integration_test.go	1236	TestUnarchiveInboxPreservesUnread	authRequest	extracted	-	1 fixture(s)
server/cmd/server/integration_test.go	1276	TestMarkInboxUnreadIsItemScoped	authRequest	skipped	value_unresolved	fixture needs values the runner cannot bind: $newestID
server/cmd/server/integration_test.go	1329	TestMarkInboxUnreadRejectsForeignItem	authRequest	skipped	value_unresolved	fixture needs values the runner cannot bind: $foreignItemID
server/cmd/server/integration_test.go	1358	TestUnarchiveInboxRejectsForeignItem	authRequest	skipped	value_unresolved	fixture needs values the runner cannot bind: $foreignItemID
server/cmd/server/integration_test.go	1404	TestInboxUnreadSummaryDedupesByIssue	authRequest	extracted	-	1 fixture(s)
server/cmd/server/integration_test.go	1426	TestInboxUnreadSummaryDedupesByIssue	authRequest	skipped	no_status_assertion	no status comparison on resp
server/cmd/server/integration_test.go	1455	TestNonExistentResources	authRequest	skipped	value_unresolved	fixture needs values the runner cannot bind: $tc.path
server/cmd/server/integration_test.go	1467	TestInvalidRequestBodies	authRequest	skipped	ambiguous_status	status comparisons on resp: [400, 500]
server/cmd/server/integration_test.go	1513	TestWebSocketIntegration	authRequest	skipped	no_status_assertion	no status comparison on resp
server/cmd/server/integration_test.go	1538	TestWebSocketIntegration	authRequest	skipped	no_status_assertion	no status comparison on resp
server/cmd/server/integration_test.go	1555	TestWebSocketIntegration	authRequest	skipped	no_status_assertion	no status comparison on resp
server/cmd/server/maintenance_test.go	12	TestMaintenanceRoutesAreAbsentFromPublicServer	http.NewRequest	skipped	no_status_assertion	no status comparison on req
server/cmd/server/plugin_action_routes_test.go	86	TestPluginActionRouteTrustBoundaries	http.NewRequest	skipped	no_status_assertion	no status comparison on req
server/cmd/server/plugin_schedule_pulse_example_test.go	169	TestSchedulePulseExampleManifestDrivesDurableRetry	http.NewRequest	skipped	no_status_assertion	no status comparison on req
server/cmd/server/plugin_schedule_pulse_example_test.go	213	TestSchedulePulseExampleManifestDrivesDurableRetry	http.NewRequest	skipped	no_status_assertion	no status comparison on put
server/cmd/server/quick_create_subscriber_test.go	78	TestQuickCreateFailure_DoesNotSubscribeRequester	direct_handler	skipped	no_status_assertion	no `ctx.Code` comparison before line 95
server/cmd/server/quick_create_subscriber_test.go	150	TestQuickCreateFailure_SurfacesAgentOutput	direct_handler	skipped	no_status_assertion	no `ctx.Code` comparison before line 165
server/cmd/server/quick_create_subscriber_test.go	232	TestQuickCreateLookupFault_WritesUnconfirmedInbox	direct_handler	skipped	no_status_assertion	no `ctx.Code` comparison before line 249
server/cmd/server/quick_create_subscriber_test.go	304	TestQuickCreateFailure_RedactsAgentOutput	direct_handler	skipped	no_status_assertion	no `ctx.Code` comparison before line 316
server/cmd/server/quick_create_subscriber_test.go	378	TestQuickCreateLookupCancelled_StillWritesUnconfirmedInbox	direct_handler	skipped	no_status_assertion	no `ctx.Code` comparison before line 389
server/cmd/server/rerun_session_test.go	752	TestRerunIssueSetsForceFreshSession	direct_handler	skipped	no_status_assertion	no `ctx.Code` comparison before line 762
server/cmd/server/rerun_session_test.go	822	TestRerunIssueTargetsSourceTaskAgent	direct_handler	skipped	no_status_assertion	no `ctx.Code` comparison before line 845
server/cmd/server/rerun_session_test.go	895	TestRerunIssueRejectsCrossIssueTask	direct_handler	skipped	no_status_assertion	no `ctx.Code` comparison before line 906
server/cmd/server/rerun_session_test.go	960	TestRerunIssueInheritsTriggerCommentFromSourceTask	direct_handler	skipped	no_status_assertion	no `ctx.Code` comparison before line 980
server/cmd/server/rerun_session_test.go	1001	TestEnqueueTaskForIssueDoesNotForceFreshSession	direct_handler	skipped	no_status_assertion	no `ctx.Code` comparison before line 1012
server/cmd/server/retired_session_test.go	269	TestFailTaskClearsPoisonedChatPointer	direct_handler	skipped	no_status_assertion	no `ctx.Code` comparison before line 282
server/cmd/server/retired_session_test.go	314	TestFailTaskKeepsChatPointerOnTransientFailure	direct_handler	skipped	no_status_assertion	no `ctx.Code` comparison before line 327
server/cmd/server/runtime_sweeper_test.go	176	TestRefreshAgentStatusFromTasks	direct_handler	skipped	no_status_assertion	no `ctx.Code` comparison before line 179
server/cmd/server/runtime_sweeper_test.go	179	TestRefreshAgentStatusFromTasks	direct_handler	skipped	no_status_assertion	no `ctx.Code` comparison before line 187
server/cmd/server/runtime_sweeper_test.go	187	TestRefreshAgentStatusFromTasks	direct_handler	skipped	no_status_assertion	no `ctx.Code` comparison before line 190
server/cmd/server/runtime_sweeper_test.go	190	TestRefreshAgentStatusFromTasks	direct_handler	skipped	no_status_assertion	no `ctx.Code` comparison before line 216
server/cmd/server/runtime_sweeper_test.go	244	TestStartTaskSkipsUnchangedAgentStatusWriteAndBroadcast	direct_handler	skipped	no_status_assertion	no `ctx.Code` comparison before line 266
server/cmd/server/source_context_actor_integration_test.go	56	TestSourceContextRoutesRejectAuthoritativeTaskToken	http.NewRequest	skipped	no_status_assertion	no status comparison on req
server/cmd/server/subscriber_listeners_test.go	78	?	direct_handler	helper_site	-	request built inside a test helper, asserted by its callers
server/cmd/server/workspace_scope_guard_test.go	40	TestWorkspaceScopeGuard	direct_handler	skipped	no_status_assertion	no `ctx.Code` comparison before line 65
server/cmd/server/workspace_scope_guard_test.go	65	TestWorkspaceScopeGuard	direct_handler	skipped	no_status_assertion	no `ctx.Code` comparison before line 75
server/cmd/server/workspace_scope_guard_test.go	75	TestWorkspaceScopeGuard	direct_handler	skipped	no_status_assertion	no `ctx.Code` comparison before line 85
server/cmd/server/workspace_scope_guard_test.go	85	TestWorkspaceScopeGuard	direct_handler	skipped	no_status_assertion	no `ctx.Code` comparison before line 95
server/cmd/server/workspace_scope_guard_test.go	95	TestWorkspaceScopeGuard	direct_handler	skipped	no_status_assertion	no `ctx.Code` comparison before line 121
server/cmd/server/workspace_scope_guard_test.go	121	TestWorkspaceScopeGuard	direct_handler	skipped	no_status_assertion	no `ctx.Code` comparison before line 132
server/internal/handler/activity_test.go	23	?	direct_handler	helper_site	-	request built inside a test helper, asserted by its callers
server/internal/handler/activity_test.go	40	?	direct_handler	helper_site	-	request built inside a test helper, asserted by its callers
server/internal/handler/activity_test.go	224	?	direct_handler	helper_site	-	request built inside a test helper, asserted by its callers
server/internal/handler/admission_security_mul4525_test.go	92	TestSendChatMessage_InvokeRevokedAfterSessionCreate	direct_handler	skipped	body_unresolved	body_unresolved
server/internal/handler/admission_security_mul4525_test.go	150	TestSendChatMessage_InvokeRevokedAfterSessionCreate	direct_handler	skipped	body_unresolved	body_unresolved
server/internal/handler/admission_security_mul4525_test.go	249	TestRerunIssue_PrivateHistoricalAgent	direct_handler	skipped	body_unresolved	body_unresolved
server/internal/handler/admission_security_mul4525_test.go	267	TestRerunIssue_PrivateHistoricalAgent	direct_handler	skipped	body_unresolved	body_unresolved
server/internal/handler/agent_access_test.go	214	TestGetAgent_PrivateAgentForbidsPlainMember	direct_handler	extracted	-	1 fixture(s)
server/internal/handler/agent_access_test.go	228	TestGetAgent_PrivateAgentForbidsPlainMember	direct_handler	skipped	value_unresolved	member identity needs values the runner cannot fabricate: $ownerID
server/internal/handler/agent_access_test.go	235	TestGetAgent_PrivateAgentForbidsPlainMember	direct_handler	extracted	-	1 fixture(s)
server/internal/handler/agent_access_test.go	254	TestListAgents_FiltersPrivateForPlainMember	direct_handler	extracted	-	1 fixture(s)
server/internal/handler/agent_access_test.go	264	TestListAgents_FiltersPrivateForPlainMember	direct_handler	extracted	-	1 fixture(s)
server/internal/handler/agent_access_test.go	295	TestListAgents_SharedAgentCarriesPrivateRuntimeAvailability	testutil.Call	extracted	-	1 fixture(s)
server/internal/handler/agent_access_test.go	336	TestListAgents_SharedAgentCarriesPrivateRuntimeAvailability	testutil.Call	skipped	no_status_assertion	no .Want(...) in the call chain
server/internal/handler/agent_access_test.go	359	TestListAgents_SharedAgentCarriesPrivateRuntimeAvailability	testutil.Call	extracted	-	1 fixture(s)
server/internal/handler/agent_access_test.go	408	TestListAgentTasks_PrivateAgentForbidsPlainMember	direct_handler	skipped	value_unresolved	member identity needs values the runner cannot fabricate: $ownerID
server/internal/handler/agent_access_test.go	414	TestListAgentTasks_PrivateAgentForbidsPlainMember	direct_handler	extracted	-	1 fixture(s)
server/internal/handler/agent_access_test.go	445	TestCreateIssue_AssignToPrivateAgentForbidsPlainMember	direct_handler	skipped	body_unresolved	body_unresolved
server/internal/handler/agent_access_test.go	452	TestCreateIssue_AssignToPrivateAgentForbidsPlainMember	direct_handler	skipped	body_unresolved	body_unresolved
server/internal/handler/agent_access_test.go	461	TestCreateIssue_AssignToPrivateAgentForbidsPlainMember	direct_handler	skipped	body_unresolved	body_unresolved
server/internal/handler/agent_access_test.go	495	TestCreateChatSession_PrivateAgentForbidsPlainMember	direct_handler	skipped	request_var_unresolved	request argument 'req' is not traceable
server/internal/handler/agent_access_test.go	520	TestGetAgent_RejectsForgedAgentIDHeader	direct_handler	extracted	-	1 fixture(s)
server/internal/handler/agent_access_test.go	569	TestListChatMessages_PrivateAgentForbidsAfterAccessRevoked	direct_handler	skipped	request_var_unresolved	request argument 'req' is not traceable
server/internal/handler/agent_activity_outcomes_test.go	23	TestAgentActivityOutcomes	testutil.Call	skipped	request_var_unresolved	request expression is not traceable
server/internal/handler/agent_activity_outcomes_test.go	39	TestAgentActivityOutcomes	testutil.Call	skipped	request_var_unresolved	request expression is not traceable
server/internal/handler/agent_builder_test.go	33	TestCreateAgentBuilderSessionCreatesIsolatedHiddenBuilder	direct_handler	skipped	body_unresolved	body_unresolved
server/internal/handler/agent_builder_test.go	82	TestCreateAgentBuilderSessionCreatesIsolatedHiddenBuilder	direct_handler	extracted	-	1 fixture(s)
server/internal/handler/agent_builder_test.go	100	TestCreateAgentBuilderSessionCreatesIsolatedHiddenBuilder	direct_handler	skipped	value_unresolved	fixture needs values the runner cannot bind: $first.BuilderAgentID
server/internal/handler/agent_builder_test.go	110	TestCreateAgentBuilderSessionCreatesIsolatedHiddenBuilder	direct_handler	skipped	value_unresolved	fixture needs values the runner cannot bind: $first.SessionID
server/internal/handler/agent_builder_test.go	142	TestCreateAgentAttachesSkillsWithoutCreatingAWelcomeChat	direct_handler	skipped	body_unresolved	body_unresolved
server/internal/handler/agent_builder_test.go	180	?	direct_handler	helper_site	-	request built inside a test helper, asserted by its callers
server/internal/handler/agent_builder_test.go	223	?	direct_handler	helper_site	-	request built inside a test helper, asserted by its callers
server/internal/handler/agent_builder_test.go	363	?	direct_handler	helper_site	-	request built inside a test helper, asserted by its callers
server/internal/handler/agent_builder_test.go	430	?	direct_handler	helper_site	-	request built inside a test helper, asserted by its callers
server/internal/handler/agent_builder_test.go	549	TestDeleteChatSessionPrunesTheBuilderDraft	direct_handler	skipped	value_unresolved	fixture needs values the runner cannot bind: $session.SessionID
server/internal/handler/agent_builder_test.go	622	?	direct_handler	helper_site	-	request built inside a test helper, asserted by its callers
server/internal/handler/agent_builder_test.go	1108	TestDeleteBuilderSessionLocksAgentBeforeTasks	direct_handler	skipped	no_status_assertion	no `w.Code` comparison before line 1139
server/internal/handler/agent_builder_test.go	1185	TestSwitchAgentBuilderRuntimeWaitsForUncommittedSend	direct_handler	skipped	no_status_assertion	no `w.Code` comparison before line 1219
server/internal/handler/agent_builder_test.go	1264	TestSwitchAgentBuilderRuntimeEnforcesRuntimeAndSessionOwnership	direct_handler	skipped	body_unresolved	body_unresolved
server/internal/handler/agent_builder_test.go	1297	TestSwitchAgentBuilderRuntimeEnforcesRuntimeAndSessionOwnership	direct_handler	skipped	body_unresolved	body_unresolved
server/internal/handler/agent_composio_allowlist_test.go	88	TestUpdateAgent_AllowlistRoundtripForOwner	direct_handler	skipped	value_unresolved	member identity needs values the runner cannot fabricate: $ownerID
server/internal/handler/agent_composio_allowlist_test.go	107	TestUpdateAgent_AllowlistRoundtripForOwner	direct_handler	skipped	value_unresolved	member identity needs values the runner cannot fabricate: $ownerID
server/internal/handler/agent_composio_allowlist_test.go	124	TestUpdateAgent_AllowlistRoundtripForOwner	direct_handler	skipped	value_unresolved	member identity needs values the runner cannot fabricate: $ownerID
server/internal/handler/agent_composio_allowlist_test.go	162	TestUpdateAgent_AllowlistSilentlyDroppedForNonOwner	direct_handler	extracted	-	1 fixture(s)
server/internal/handler/agent_composio_allowlist_test.go	220	TestGetAgent_AllowlistVisibility	direct_handler	skipped	value_unresolved	member identity needs values the runner cannot fabricate: $ownerID
server/internal/handler/agent_composio_allowlist_test.go	239	TestGetAgent_AllowlistVisibility	direct_handler	extracted	-	1 fixture(s)
server/internal/handler/agent_composio_allowlist_test.go	270	TestAgentAllowlistSuppressedWhenComposioFlagDisabled	direct_handler	skipped	value_unresolved	member identity needs values the runner cannot fabricate: $ownerID
server/internal/handler/agent_composio_allowlist_test.go	290	TestAgentAllowlistSuppressedWhenComposioFlagDisabled	direct_handler	skipped	value_unresolved	member identity needs values the runner cannot fabricate: $ownerID
server/internal/handler/agent_concurrency_test.go	46	TestCreateAgent_MaxConcurrentTasksBoundsAndDefault	direct_handler	skipped	no_status_assertion	no `w.Code` comparison before line 70
server/internal/handler/agent_concurrency_test.go	101	TestUpdateAgent_MaxConcurrentTasksBoundsAndOmission	direct_handler	skipped	request_var_unresolved	request argument 'req' is not traceable
server/internal/handler/agent_concurrency_test.go	121	TestUpdateAgent_MaxConcurrentTasksBoundsAndOmission	direct_handler	skipped	request_var_unresolved	request argument 'req' is not traceable
server/internal/handler/agent_concurrency_test.go	137	TestUpdateAgent_MaxConcurrentTasksBoundsAndOmission	direct_handler	skipped	request_var_unresolved	request argument 'req' is not traceable
server/internal/handler/agent_concurrency_test.go	152	TestUpdateAgent_MaxConcurrentTasksBoundsAndOmission	direct_handler	skipped	request_var_unresolved	request argument 'req' is not traceable
server/internal/handler/agent_conversation_starters_test.go	54	TestAgentConversationStartersRoundTrip	testutil.Call	skipped	body_unresolved	body_unresolved
server/internal/handler/agent_conversation_starters_test.go	70	TestAgentConversationStartersRoundTrip	testutil.Call	skipped	value_unresolved	fixture needs values the runner cannot bind: $created.ID
server/internal/handler/agent_conversation_starters_test.go	82	TestAgentConversationStartersRoundTrip	testutil.Call	skipped	body_unresolved	body_unresolved
server/internal/handler/agent_env_permission_test.go	87	TestAgentEnv_AgentOwnerMemberCanRevealAndUpdate	direct_handler	skipped	value_unresolved	member identity needs values the runner cannot fabricate: $ownerUserID
server/internal/handler/agent_env_permission_test.go	102	TestAgentEnv_AgentOwnerMemberCanRevealAndUpdate	direct_handler	skipped	value_unresolved	member identity needs values the runner cannot fabricate: $ownerUserID
server/internal/handler/agent_env_permission_test.go	204	TestAgentEnv_WorkspaceRolesUnchanged	direct_handler	skipped	request_var_unresolved	request argument 'req' is not traceable
server/internal/handler/agent_permission_test.go	46	TestCreateAgent_LegacyVisibilityMapsToPermission	direct_handler	skipped	body_unresolved	body_unresolved
server/internal/handler/agent_permission_test.go	163	TestCanInvokeAgent_PublicToMemberWhitelist	direct_handler	skipped	body_unresolved	body_unresolved
server/internal/handler/agent_permission_test.go	188	TestCanInvokeAgent_PublicToMemberWhitelist	direct_handler	skipped	no_status_assertion	no `rec.Code` comparison before line 207
server/internal/handler/agent_permission_test.go	217	?	direct_handler	helper_site	-	request built inside a test helper, asserted by its callers
server/internal/handler/agent_permission_test.go	317	TestUpdateAgent_BatchReplaceOverlappingMembers	direct_handler	skipped	body_unresolved	body_unresolved
server/internal/handler/agent_permission_test.go	366	TestUpdateAgent_WorkspaceStacksWithMembersThenNarrowed	direct_handler	skipped	body_unresolved	body_unresolved
server/internal/handler/agent_permission_test.go	388	TestCreateAgent_EmptyPublicToNormalizesToWorkspace	direct_handler	skipped	body_unresolved	body_unresolved
server/internal/handler/agent_permission_test.go	653	TestUpdateAgent_AccessChangeIsOwnerOnly	direct_handler	skipped	no_status_assertion	no `rec.Code` comparison before line 661
server/internal/handler/agent_permission_test.go	661	TestUpdateAgent_AccessChangeIsOwnerOnly	direct_handler	skipped	value_unresolved	member identity needs values the runner cannot fabricate: $adminID
server/internal/handler/agent_permission_test.go	714	TestUpdateAgent_LegacyVisibilityNoOpForMemberOnlyPublicTo	direct_handler	skipped	no_status_assertion	no `rec.Code` comparison before line 735
server/internal/handler/agent_runtime_required_test.go	78	TestChatSend_UnboundAgentReturnsStructuredConflict	direct_handler	extracted	-	1 fixture(s)
server/internal/handler/agent_runtime_required_test.go	114	TestCreateAutopilot_UnboundAgentRejected	direct_handler	skipped	body_unresolved	body_unresolved
server/internal/handler/agent_runtime_required_test.go	162	TestUpdateAutopilot_UnboundAgentCannotResume	direct_handler	skipped	value_unresolved	fixture needs values the runner cannot bind: $autopilotID
server/internal/handler/agent_runtime_required_test.go	188	?	direct_handler	helper_site	-	request built inside a test helper, asserted by its callers
server/internal/handler/agent_runtime_skills_broadcast_test.go	79	TestSetAgentRuntimeSkillEnabledBroadcastsAgentStatus	direct_handler	skipped	request_var_unresolved	request argument 'req' is not traceable
server/internal/handler/agent_task_usage_response_test.go	90	TestListAgentTasksHydratesUsage	testutil.Call	extracted	-	1 fixture(s)
server/internal/handler/agent_task_usage_response_test.go	156	TestListAgentTasksHydratesUsage	testutil.Call	extracted	-	1 fixture(s)
server/internal/handler/agent_task_usage_response_test.go	186	TestListAgentTasksReturnsErrorWhenUsageLoadFails	testutil.Call	extracted	-	1 fixture(s)
server/internal/handler/agent_task_usage_response_test.go	219	TestListAgentTasksReturnsErrorWhenUsageLoadFails	testutil.Call	skipped	no_status_assertion	no .Want(...) in the call chain
server/internal/handler/agent_test.go	105	TestListWorkspaceAgentTaskSnapshot	direct_handler	extracted	-	1 fixture(s)
server/internal/handler/agent_test.go	507	TestListWorkspaceWorkingAgents	direct_handler	skipped	path_not_registered	GET /api/working-agents{query} is not in docs/fixtures/upstream-routes.tsv
server/internal/handler/agent_test.go	572	TestListWorkspaceWorkingAgentsRejectsInvalidFilters	direct_handler	skipped	path_not_literal	path_not_literal
server/internal/handler/agent_test.go	659	TestListWorkspaceWorkingAgentsParentScope	direct_handler	skipped	path_not_registered	GET /api/working-agents{query} is not in docs/fixtures/upstream-routes.tsv
server/internal/handler/agent_test.go	751	TestCreateAgent_RejectsDuplicateName	direct_handler	skipped	body_unresolved	body_unresolved
server/internal/handler/agent_test.go	768	TestCreateAgent_RejectsDuplicateName	direct_handler	skipped	body_unresolved	body_unresolved
server/internal/handler/agent_test.go	790	TestUpdateAgent_RejectsRenameToArchivedName	direct_handler	skipped	value_unresolved	fixture needs values the runner cannot bind: $idA
server/internal/handler/agent_test.go	798	TestUpdateAgent_RejectsRenameToArchivedName	direct_handler	skipped	body_unresolved	body_unresolved
server/internal/handler/agent_test.go	848	TestCreateAgent_AssignsAvatarDefault	direct_handler	skipped	body_unresolved	body_unresolved
server/internal/handler/agent_test.go	927	TestGetAgent_ResponseHasNoCustomEnv	direct_handler	skipped	path_not_registered	GET /agents/1c331d0b-94fd-412a-a7cc-6a209add00a1 is not in docs/fixtures/upstream-routes.tsv
server/internal/handler/agent_test.go	978	TestListAgents_ResponseHasNoCustomEnv	direct_handler	skipped	path_not_registered	GET /agents is not in docs/fixtures/upstream-routes.tsv
server/internal/handler/agent_test.go	1027	TestGetAgentEnv_OwnerSucceedsAndAudits	direct_handler	extracted	-	1 fixture(s)
server/internal/handler/agent_test.go	1141	TestAgentEnv_TaskTokenActorSource	direct_handler	skipped	value_unresolved	fixture needs values the runner cannot bind: $targetID
server/internal/handler/agent_test.go	1176	TestUpdateAgentEnv_PreservesSentinelValues	direct_handler	extracted	-	1 fixture(s)
server/internal/handler/agent_test.go	1261	TestUpdateAgent_RejectsCustomEnvInBody	direct_handler	extracted	-	1 fixture(s)
server/internal/handler/agent_test.go	1385	TestUpdateAgent_RedactsMcpConfigForAgentActor	direct_handler	skipped	body_unresolved	body_unresolved
server/internal/handler/agent_test.go	1423	TestUpdateAgent_KeepsMcpConfigForMemberActor	direct_handler	extracted	-	1 fixture(s)
server/internal/handler/agent_test.go	1470	TestUpdateAgent_PreservesSkillsInResponse	direct_handler	extracted	-	1 fixture(s)
server/internal/handler/agent_test.go	1509	TestUpdateAgent_PreservesSkillsInResponse	direct_handler	extracted	-	1 fixture(s)
server/internal/handler/agent_test.go	1548	TestArchiveRestoreAgent_PreservesSkillsInResponse	direct_handler	extracted	-	1 fixture(s)
server/internal/handler/agent_test.go	1563	TestArchiveRestoreAgent_PreservesSkillsInResponse	direct_handler	extracted	-	1 fixture(s)
server/internal/handler/agent_thinking_test.go	42	TestCreateAgent_ThinkingLevel_ValidationConsistency	direct_handler	skipped	body_unresolved	body_unresolved
server/internal/handler/agent_thinking_test.go	57	TestCreateAgent_ThinkingLevel_ValidationConsistency	direct_handler	skipped	body_unresolved	body_unresolved
server/internal/handler/agent_thinking_test.go	80	TestCreateAgent_ThinkingLevel_ValidationConsistency	direct_handler	skipped	body_unresolved	body_unresolved
server/internal/handler/agent_thinking_test.go	95	TestCreateAgent_ThinkingLevel_ValidationConsistency	direct_handler	skipped	body_unresolved	body_unresolved
server/internal/handler/agent_thinking_test.go	125	TestCreateAgent_PiThinkingLevelValidation	direct_handler	skipped	body_unresolved	body_unresolved
server/internal/handler/agent_thinking_test.go	145	TestCreateAgent_PiThinkingLevelValidation	direct_handler	skipped	body_unresolved	body_unresolved
server/internal/handler/agent_thinking_test.go	171	TestAgentServiceTierValidationAndTriState	direct_handler	skipped	body_unresolved	body_unresolved
server/internal/handler/agent_thinking_test.go	189	TestAgentServiceTierValidationAndTriState	direct_handler	skipped	request_var_unresolved	request argument 'req' is not traceable
server/internal/handler/agent_thinking_test.go	209	TestAgentServiceTierValidationAndTriState	direct_handler	skipped	body_unresolved	body_unresolved
server/internal/handler/agent_thinking_test.go	245	TestUpdateAgent_ThinkingLevel_TriState	direct_handler	skipped	request_var_unresolved	request argument 'req' is not traceable
server/internal/handler/agent_thinking_test.go	263	TestUpdateAgent_ThinkingLevel_TriState	direct_handler	skipped	request_var_unresolved	request argument 'req' is not traceable
server/internal/handler/agent_thinking_test.go	281	TestUpdateAgent_ThinkingLevel_TriState	direct_handler	skipped	request_var_unresolved	request argument 'req' is not traceable
server/internal/handler/agent_thinking_test.go	297	TestUpdateAgent_ThinkingLevel_TriState	direct_handler	skipped	request_var_unresolved	request argument 'req' is not traceable
server/internal/handler/agent_thinking_test.go	344	TestUpdateAgent_RuntimeSwitch_PreservesValidValueRejectsInvalid	direct_handler	skipped	request_var_unresolved	request argument 'req' is not traceable
server/internal/handler/agent_thinking_test.go	365	TestUpdateAgent_RuntimeSwitch_PreservesValidValueRejectsInvalid	direct_handler	skipped	request_var_unresolved	request argument 'req' is not traceable
server/internal/handler/agent_thinking_test.go	383	TestUpdateAgent_RuntimeSwitch_PreservesValidValueRejectsInvalid	direct_handler	skipped	request_var_unresolved	request argument 'req' is not traceable
server/internal/handler/agent_thinking_test.go	404	TestUpdateAgent_RuntimeSwitch_PreservesValidValueRejectsInvalid	direct_handler	skipped	request_var_unresolved	request argument 'req' is not traceable
server/internal/handler/agent_thinking_test.go	443	TestUpdateAgent_RuntimeSwitch_ClearsKnownIncompatibleModel	direct_handler	skipped	request_var_unresolved	request argument 'req' is not traceable
server/internal/handler/agent_thinking_test.go	461	TestUpdateAgent_RuntimeSwitch_ClearsKnownIncompatibleModel	direct_handler	skipped	request_var_unresolved	request argument 'req' is not traceable
server/internal/handler/agent_thinking_test.go	479	TestUpdateAgent_RuntimeSwitch_ClearsKnownIncompatibleModel	direct_handler	skipped	request_var_unresolved	request argument 'req' is not traceable
server/internal/handler/agent_thinking_test.go	497	TestUpdateAgent_RuntimeSwitch_ClearsKnownIncompatibleModel	direct_handler	skipped	request_var_unresolved	request argument 'req' is not traceable
server/internal/handler/agent_thinking_test.go	516	TestUpdateAgent_RuntimeSwitch_ClearsKnownIncompatibleModel	direct_handler	skipped	request_var_unresolved	request argument 'req' is not traceable
server/internal/handler/agent_thinking_test.go	534	TestUpdateAgent_RuntimeSwitch_ClearsKnownIncompatibleModel	direct_handler	skipped	request_var_unresolved	request argument 'req' is not traceable
server/internal/handler/agent_thinking_test.go	623	TestCreateAgent_NoReasoningControlRejectsThinkingLevel	direct_handler	skipped	body_unresolved	body_unresolved
server/internal/handler/agent_thinking_test.go	641	TestCreateAgent_NoReasoningControlRejectsThinkingLevel	direct_handler	skipped	body_unresolved	body_unresolved
server/internal/handler/agent_thinking_test.go	663	TestCreateAgent_NoReasoningControlRejectsThinkingLevel	direct_handler	skipped	body_unresolved	body_unresolved
server/internal/handler/agent_thinking_test.go	687	TestCreateAgent_NoReasoningControlRejectsThinkingLevel	direct_handler	skipped	body_unresolved	body_unresolved
server/internal/handler/agent_thinking_test.go	709	TestUpdateAgent_ThinkingLevelCarriesOverToUndiscoveredHermes	direct_handler	skipped	body_unresolved	body_unresolved
server/internal/handler/agent_thinking_test.go	725	TestUpdateAgent_ThinkingLevelCarriesOverToUndiscoveredHermes	direct_handler	skipped	body_unresolved	body_unresolved
server/internal/handler/agent_thinking_test.go	1016	TestAgent_OmpThinkingLevelRequiresExplicitModel	direct_handler	skipped	body_unresolved	body_unresolved
server/internal/handler/agent_thinking_test.go	1042	TestAgent_OmpThinkingLevelRequiresExplicitModel	direct_handler	skipped	body_unresolved	body_unresolved
server/internal/handler/agent_thinking_test.go	1060	TestAgent_OmpThinkingLevelRequiresExplicitModel	direct_handler	skipped	body_unresolved	body_unresolved
server/internal/handler/agent_thinking_test.go	1071	TestAgent_OmpThinkingLevelRequiresExplicitModel	direct_handler	skipped	request_var_unresolved	request argument 'req' is not traceable
server/internal/handler/agent_thinking_test.go	1084	TestAgent_OmpThinkingLevelRequiresExplicitModel	direct_handler	skipped	request_var_unresolved	request argument 'req' is not traceable
server/internal/handler/agent_thinking_test.go	1105	TestAgent_OmpThinkingLevelRequiresExplicitModel	direct_handler	skipped	request_var_unresolved	request argument 'req' is not traceable
server/internal/handler/agent_thinking_test.go	1117	TestAgent_OmpThinkingLevelRequiresExplicitModel	direct_handler	skipped	request_var_unresolved	request argument 'req' is not traceable
server/internal/handler/agent_thinking_test.go	1137	TestAgent_OmpThinkingLevelRequiresExplicitModel	direct_handler	skipped	body_unresolved	body_unresolved
server/internal/handler/assign_invoke_denial_test.go	64	TestAssignAgent_DenialReasonNamesPermissionNotMode	testutil.Call	skipped	body_unresolved	body_unresolved
server/internal/handler/assign_invoke_denial_test.go	71	TestAssignAgent_DenialReasonNamesPermissionNotMode	testutil.Call	skipped	body_unresolved	body_unresolved
server/internal/handler/assign_invoke_denial_test.go	84	TestAssignAgent_DenialReasonNamesPermissionNotMode	testutil.Call	skipped	request_var_unresolved	request expression is not traceable
server/internal/handler/assign_invoke_denial_test.go	111	TestAssignAgent_DenialReasonNamesPermissionNotMode	testutil.Call	skipped	body_unresolved	body_unresolved
server/internal/handler/assign_invoke_denial_test.go	121	TestAssignAgent_DenialReasonNamesPermissionNotMode	testutil.Call	skipped	body_unresolved	body_unresolved
server/internal/handler/attachment_capability_test.go	200	TestDownloadAttachmentWithCapability_ServesWithoutAuthentication	direct_handler	skipped	request_var_unresolved	request argument 'req' is not traceable
server/internal/handler/attachment_capability_test.go	249	TestDownloadAttachmentWithCapability_RejectsInvalidCapabilities	direct_handler	skipped	request_var_unresolved	request argument 'req' is not traceable
server/internal/handler/attachment_capability_test.go	270	TestDownloadAttachmentWithCapability_PreservesRangeAndHeaders	direct_handler	skipped	no_status_assertion	no `w.Code` comparison before line 284
server/internal/handler/attachment_capability_test.go	302	TestGetAttachmentByID_ProxyModeReturnsRedeemableCapability	direct_handler	skipped	request_var_unresolved	request argument 'req' is not traceable
server/internal/handler/attachment_capability_test.go	353	TestGetAttachmentByID_ProxyModeDownloadURLForcesAttachment	direct_handler	skipped	request_var_unresolved	request argument 'req' is not traceable
server/internal/handler/attachment_capability_test.go	385	TestGetAttachmentByID_ProxyModeDownloadURLForcesAttachment	direct_handler	skipped	request_var_unresolved	request argument 'req2' is not traceable
server/internal/handler/attachment_capability_test.go	431	TestDownloadAttachment_StillRequiresAuthentication	direct_handler	skipped	request_var_unresolved	request argument 'req' is not traceable
server/internal/handler/attachment_url_mode_test.go	209	TestGetAttachmentByID_IgnoresStableCapability	direct_handler	skipped	request_var_unresolved	request argument 'req' is not traceable
server/internal/handler/attribution_response_test.go	184	TestListTasksByIssueHydratesAttribution	direct_handler	skipped	path_not_registered	GET /api/issues/34c44eb2-bd85-455f-b47c-f39cc7b0b913/tasks is not in docs/fixtures/upstream-routes.tsv
server/internal/handler/auth_google_error_code_test.go	89	TestGoogleLoginTokenFailures	testutil.Call	skipped	ambiguous_status	.Want() status tokens: []
server/internal/handler/auth_google_error_code_test.go	151	TestGoogleLoginUserInfoFailures	testutil.Call	skipped	ambiguous_status	.Want() status tokens: []
server/internal/handler/auth_google_error_code_test.go	215	TestGoogleLoginActionableErrorCodes	testutil.Call	skipped	ambiguous_status	.Want() status tokens: []
server/internal/handler/auth_google_error_code_test.go	245	TestGoogleLoginActionableErrorMapping	testutil.Call	skipped	request_var_unresolved	request expression is not traceable
server/internal/handler/auth_google_error_code_test.go	289	TestGoogleLoginSuccessfulExistingUser	testutil.Call	extracted	-	1 fixture(s)
server/internal/handler/auth_google_error_code_test.go	311	TestGoogleLoginSuccessfulExistingUser	testutil.Call	extracted	-	1 fixture(s)
server/internal/handler/auth_session_test.go	30	TestGetMeSessionFailures	testutil.Call	skipped	ambiguous_status	.Want() status tokens: []
server/internal/handler/auth_signup_test.go	71	TestEmailCodeAllowlistErrors	testutil.Call	skipped	request_var_unresolved	request expression is not traceable
server/internal/handler/autopilot_acting_member_test.go	260	TestAutopilotWrites_JudgeTheActingHuman	testutil.Call	skipped	ambiguous_status	.Want() status tokens: []
server/internal/handler/autopilot_acting_member_test.go	274	TestAutopilotWrites_JudgeTheActingHuman	testutil.Call	skipped	request_var_unresolved	request expression is not traceable
server/internal/handler/autopilot_acting_member_test.go	288	TestAutopilotWrites_JudgeTheActingHuman	testutil.Call	skipped	request_var_unresolved	request expression is not traceable
server/internal/handler/autopilot_acting_member_test.go	301	TestAutopilotWrites_JudgeTheActingHuman	testutil.Call	skipped	ambiguous_status	.Want() status tokens: []
server/internal/handler/autopilot_acting_member_test.go	332	TestCreateAutopilot_StampsTheOrderingHuman	testutil.Call	skipped	request_var_unresolved	request expression is not traceable
server/internal/handler/autopilot_acting_member_test.go	360	TestCreateAutopilot_StampsTheOrderingHuman	testutil.Call	skipped	request_var_unresolved	request expression is not traceable
server/internal/handler/autopilot_acting_member_test.go	383	TestCreateAutopilot_NoOrderingHumanRefused	testutil.Call	skipped	request_var_unresolved	request expression is not traceable
server/internal/handler/autopilot_acting_member_test.go	420	TestCreateAutopilot_OrderingHumanMustBeAWorkspaceMember	testutil.Call	skipped	request_var_unresolved	request expression is not traceable
server/internal/handler/autopilot_acting_member_test.go	452	TestCreateAutopilotTrigger_StampsTheOrderingHuman	testutil.Call	skipped	request_var_unresolved	request expression is not traceable
server/internal/handler/autopilot_acting_member_test.go	483	TestAddAutopilotCollaborator_GrantedByIsTheOrderingHuman	testutil.Call	skipped	request_var_unresolved	request expression is not traceable
server/internal/handler/autopilot_acting_member_test.go	513	TestGetAutopilot_WebhookTokenFollowsTheActingHuman	testutil.Call	skipped	request_var_unresolved	request expression is not traceable
server/internal/handler/autopilot_attribution_transfer_test.go	71	?	direct_handler	helper_site	-	request built inside a test helper, asserted by its callers
server/internal/handler/autopilot_attribution_transfer_test.go	82	?	direct_handler	helper_site	-	request built inside a test helper, asserted by its callers
server/internal/handler/autopilot_broadcast_redaction_test.go	115	TestAutopilotTriggerBroadcastsCarryNoWebhookCredential	testutil.Call	skipped	ambiguous_status	.Want() status tokens: []
server/internal/handler/autopilot_cron_preview_test.go	37	TestCronPreview_ValidExpression	direct_handler	skipped	request_var_unresolved	request argument 'cronPreviewRequest("         ", "   ")' is not traceable
server/internal/handler/autopilot_cron_preview_test.go	66	TestCronPreview_CompoundExpression	direct_handler	skipped	request_var_unresolved	request argument 'cronPreviewRequest("                ", "             ")' is not traceable
server/internal/handler/autopilot_cron_preview_test.go	94	TestCronPreview_TimezoneApplied	direct_handler	skipped	request_var_unresolved	request argument 'cronPreviewRequest("         ", "             ")' is not traceable
server/internal/handler/autopilot_cron_preview_test.go	117	TestCronPreview_DefaultsToUTC	direct_handler	skipped	request_var_unresolved	request argument 'cronPreviewRequest("           ", "")' is not traceable
server/internal/handler/autopilot_cron_preview_test.go	142	TestCronPreview_NeverFiringExpression	direct_handler	skipped	request_var_unresolved	request argument 'cronPreviewRequest("          ", "   ")' is not traceable
server/internal/handler/autopilot_cron_preview_test.go	173	TestCronPreview_BadRequests	direct_handler	skipped	request_var_unresolved	request argument 'cronPreviewRequest(tc.expr, tc.tz)' is not traceable
server/internal/handler/autopilot_list_test.go	77	TestListAutopilots_DerivedFields	direct_handler	extracted	-	1 fixture(s)
server/internal/handler/autopilot_list_test.go	132	TestListAutopilots_DefaultExcludesArchived	direct_handler	extracted	-	1 fixture(s)
server/internal/handler/autopilot_list_test.go	149	TestListAutopilots_DefaultExcludesArchived	direct_handler	extracted	-	1 fixture(s)
server/internal/handler/autopilot_list_test.go	194	TestListAutopilots_SubscribersMatchDetail	direct_handler	extracted	-	1 fixture(s)
server/internal/handler/autopilot_list_test.go	211	TestListAutopilots_SubscribersMatchDetail	direct_handler	skipped	value_unresolved	fixture needs values the runner cannot bind: $withSubs
server/internal/handler/autopilot_list_test.go	293	TestAutopilotSubscriberReadFailureFailsClosed	direct_handler	extracted	-	1 fixture(s)
server/internal/handler/autopilot_list_test.go	304	TestAutopilotSubscriberReadFailureFailsClosed	direct_handler	skipped	value_unresolved	fixture needs values the runner cannot bind: $apID
server/internal/handler/autopilot_manual_trigger_invoker_test.go	38	?	testutil.Call	helper_site	-	request built inside a test helper, asserted by its callers
server/internal/handler/autopilot_manual_trigger_invoker_test.go	89	?	testutil.Call	helper_site	-	request built inside a test helper, asserted by its callers
server/internal/handler/autopilot_manual_trigger_invoker_test.go	238	TestTriggerAutopilot_MemberPathUnchanged	testutil.Call	skipped	value_unresolved	fixture needs values the runner cannot bind: $autopilotID
server/internal/handler/autopilot_mention_authority_test.go	263	TestCreateComment_AutopilotLeaderMentionEnqueuesPrivateWorker	direct_handler	skipped	body_unresolved	body_unresolved
server/internal/handler/autopilot_mention_authority_test.go	445	TestUpdateComment_AutopilotAuthorityReStampedToEditingTask	direct_handler	skipped	request_var_unresolved	request argument 'r' is not traceable
server/internal/handler/autopilot_mention_authority_test.go	564	TestCreateComment_AutopilotWorkerResultWakesSquadLeader	direct_handler	skipped	value_unresolved	fixture needs values the runner cannot bind: $workerID, $workerTaskID
server/internal/handler/autopilot_mention_authority_test.go	631	TestUpdateComment_AdminEditOfAgentCommentClearsStaleLineage	direct_handler	skipped	body_unresolved	body_unresolved
server/internal/handler/autopilot_permissions_test.go	59	?	direct_handler	helper_site	-	request built inside a test helper, asserted by its callers
server/internal/handler/autopilot_permissions_test.go	90	?	direct_handler	helper_site	-	request built inside a test helper, asserted by its callers
server/internal/handler/autopilot_permissions_test.go	109	?	direct_handler	helper_site	-	request built inside a test helper, asserted by its callers
server/internal/handler/autopilot_permissions_test.go	138	?	direct_handler	helper_site	-	request built inside a test helper, asserted by its callers
server/internal/handler/autopilot_permissions_test.go	169	TestAutopilotCollaborator_GrantedMemberCanWrite	direct_handler	skipped	no_status_assertion	no `w.Code` comparison before line 196
server/internal/handler/autopilot_permissions_test.go	196	TestAutopilotCollaborator_GrantedMemberCanWrite	direct_handler	skipped	value_unresolved	fixture needs values the runner cannot bind: $apID, $member
server/internal/handler/autopilot_permissions_test.go	247	TestAutopilotCollaborator_CannotManageAccessList	direct_handler	skipped	value_unresolved	member identity needs values the runner cannot fabricate: $carol
server/internal/handler/autopilot_permissions_test.go	259	TestAutopilotCollaborator_CannotManageAccessList	direct_handler	skipped	value_unresolved	member identity needs values the runner cannot fabricate: $carol
server/internal/handler/autopilot_permissions_test.go	288	TestAutopilotWrite_PlainMemberCannotMutateOthers	direct_handler	skipped	value_unresolved	member identity needs values the runner cannot fabricate: $member
server/internal/handler/autopilot_permissions_test.go	297	TestAutopilotWrite_PlainMemberCannotMutateOthers	direct_handler	skipped	value_unresolved	member identity needs values the runner cannot fabricate: $member
server/internal/handler/autopilot_permissions_test.go	306	TestAutopilotWrite_PlainMemberCannotMutateOthers	direct_handler	skipped	value_unresolved	member identity needs values the runner cannot fabricate: $member
server/internal/handler/autopilot_permissions_test.go	325	TestAutopilotWrite_CreatorCanMutateOwn	direct_handler	skipped	value_unresolved	member identity needs values the runner cannot fabricate: $member
server/internal/handler/autopilot_permissions_test.go	345	TestAutopilotWrite_AdminCanMutateMembersAutopilot	direct_handler	skipped	value_unresolved	fixture needs values the runner cannot bind: $apID
server/internal/handler/autopilot_permissions_test.go	367	TestAutopilotWrite_WebhookSecretRedactedForNonWriter	direct_handler	skipped	value_unresolved	fixture needs values the runner cannot bind: $apID
server/internal/handler/autopilot_permissions_test.go	379	TestAutopilotWrite_WebhookSecretRedactedForNonWriter	direct_handler	skipped	value_unresolved	fixture needs values the runner cannot bind: $apID
server/internal/handler/autopilot_permissions_test.go	400	TestAutopilotWrite_WebhookSecretRedactedForNonWriter	direct_handler	skipped	value_unresolved	member identity needs values the runner cannot fabricate: $stranger
server/internal/handler/autopilot_private_leader_test.go	41	TestCreateAutopilot_SquadPrivateLeader_PlainMemberBlocked	direct_handler	skipped	body_unresolved	body_unresolved
server/internal/handler/autopilot_private_leader_test.go	79	TestUpdateAutopilot_SquadPrivateLeader_PlainMemberBlocked	direct_handler	skipped	body_unresolved	body_unresolved
server/internal/handler/autopilot_private_leader_test.go	99	TestUpdateAutopilot_SquadPrivateLeader_PlainMemberBlocked	direct_handler	skipped	body_unresolved	body_unresolved
server/internal/handler/autopilot_private_leader_test.go	136	TestCreateAutopilot_SquadPrivateLeader_OwnerAllowed	direct_handler	skipped	body_unresolved	body_unresolved
server/internal/handler/autopilot_private_leader_test.go	181	TestTriggerAutopilot_SquadPrivateLeader_OwnerCanDispatch	direct_handler	skipped	body_unresolved	body_unresolved
server/internal/handler/autopilot_private_leader_test.go	203	TestTriggerAutopilot_SquadPrivateLeader_OwnerCanDispatch	direct_handler	skipped	value_unresolved	member identity needs values the runner cannot fabricate: $ownerID
server/internal/handler/autopilot_private_leader_test.go	252	TestTriggerAutopilot_SquadPrivateLeader_NonOwnerClicker_Blocked	direct_handler	skipped	body_unresolved	body_unresolved
server/internal/handler/autopilot_private_leader_test.go	272	TestTriggerAutopilot_SquadPrivateLeader_NonOwnerClicker_Blocked	direct_handler	skipped	value_unresolved	fixture needs values the runner cannot bind: $ap.ID
server/internal/handler/autopilot_private_leader_test.go	336	TestTriggerAutopilot_SquadPrivateLeader_PlainMemberCreator_Blocked	direct_handler	skipped	value_unresolved	fixture needs values the runner cannot bind: $apID
server/internal/handler/autopilot_private_leader_test.go	394	TestTriggerAutopilot_RunOnly_SquadPrivateLeader_PlainMemberCreator_Blocked	direct_handler	skipped	value_unresolved	fixture needs values the runner cannot bind: $apID
server/internal/handler/autopilot_quota_handler_test.go	44	TestAutopilotQuotaManualAndWebhookEnforcement	direct_handler	skipped	value_unresolved	fixture needs values the runner cannot bind: $autopilotID
server/internal/handler/autopilot_quota_handler_test.go	76	TestAutopilotQuotaManualAndWebhookEnforcement	direct_handler	extracted	-	1 fixture(s)
server/internal/handler/autopilot_subscriber_test.go	73	TestCreateAutopilotPersistsMemberSubscribers	direct_handler	skipped	body_unresolved	body_unresolved
server/internal/handler/autopilot_subscriber_test.go	121	TestCreateAutopilotRejectsNonMemberSubscriberType	direct_handler	skipped	body_unresolved	body_unresolved
server/internal/handler/autopilot_subscriber_test.go	145	TestCreateAutopilotRejectsForeignSubscriber	direct_handler	skipped	body_unresolved	body_unresolved
server/internal/handler/autopilot_subscriber_test.go	184	TestAutopilotSubscriberSave_LosesToConcurrentRevoke	direct_handler	skipped	no_status_assertion	no `w.Code` comparison before line 201
server/internal/handler/autopilot_subscriber_test.go	201	TestAutopilotSubscriberSave_LosesToConcurrentRevoke	testutil.Call	skipped	no_status_assertion	no .Want(...) in the call chain
server/internal/handler/autopilot_subscriber_test.go	213	TestAutopilotSubscriberSave_LosesToConcurrentRevoke	direct_handler	skipped	no_status_assertion	no `w.Code` comparison before line 305
server/internal/handler/autopilot_subscriber_test.go	327	TestCreateAutopilotRollsBackWhenSubscriberInsertFails	direct_handler	skipped	body_unresolved	body_unresolved
server/internal/handler/autopilot_subscriber_test.go	371	TestUpdateAutopilotFullReplaceSubscribers	direct_handler	skipped	body_unresolved	body_unresolved
server/internal/handler/autopilot_subscriber_test.go	387	TestUpdateAutopilotFullReplaceSubscribers	direct_handler	skipped	value_unresolved	fixture needs values the runner cannot bind: $created.ID
server/internal/handler/autopilot_subscriber_test.go	433	TestUpdateAutopilotRollsBackWhenSubscriberInsertFails	direct_handler	skipped	body_unresolved	body_unresolved
server/internal/handler/autopilot_subscriber_test.go	453	TestUpdateAutopilotRollsBackWhenSubscriberInsertFails	direct_handler	skipped	body_unresolved	body_unresolved
server/internal/handler/autopilot_subscriber_test.go	501	TestUpdateAutopilotPreservesSubscribersWhenOmitted	direct_handler	skipped	body_unresolved	body_unresolved
server/internal/handler/autopilot_subscriber_test.go	517	TestUpdateAutopilotPreservesSubscribersWhenOmitted	direct_handler	skipped	value_unresolved	fixture needs values the runner cannot bind: $created.ID
server/internal/handler/autopilot_subscriber_test.go	557	TestAutopilotDepartedSubscriberReadRepair	testutil.Call	skipped	no_status_assertion	no .Want(...) in the call chain
server/internal/handler/autopilot_subscriber_test.go	573	TestAutopilotDepartedSubscriberReadRepair	testutil.Call	skipped	no_status_assertion	no .Want(...) in the call chain
server/internal/handler/autopilot_subscriber_test.go	584	TestAutopilotDepartedSubscriberReadRepair	testutil.Call	skipped	body_unresolved	body_unresolved
server/internal/handler/autopilot_subscriber_test.go	628	TestAutopilotDispatchFansOutSubscribersToIssue	direct_handler	skipped	body_unresolved	body_unresolved
server/internal/handler/autopilot_subscriber_test.go	639	TestAutopilotDispatchFansOutSubscribersToIssue	direct_handler	skipped	no_status_assertion	no `ctx.Code` comparison before line 663
server/internal/handler/autopilot_subscriber_test.go	701	TestAutopilotDispatchNotifiesSubscribersOnCreate	direct_handler	skipped	body_unresolved	body_unresolved
server/internal/handler/autopilot_subscriber_test.go	712	TestAutopilotDispatchNotifiesSubscribersOnCreate	direct_handler	skipped	no_status_assertion	no `ctx.Code` comparison before line 749
server/internal/handler/autopilot_subscriber_test.go	783	TestAutopilotDispatchSkipsInboxWhenNoSubscribers	direct_handler	skipped	body_unresolved	body_unresolved
server/internal/handler/autopilot_subscriber_test.go	794	TestAutopilotDispatchSkipsInboxWhenNoSubscribers	direct_handler	skipped	no_status_assertion	no `ctx.Code` comparison before line 817
server/internal/handler/autopilot_subscriber_test.go	855	TestDeleteAutopilotArchivesAndPreservesHistory	direct_handler	skipped	body_unresolved	body_unresolved
server/internal/handler/autopilot_subscriber_test.go	894	TestDeleteAutopilotArchivesAndPreservesHistory	direct_handler	skipped	value_unresolved	fixture needs values the runner cannot bind: $created.ID
server/internal/handler/autopilot_trigger_error_test.go	72	TestTriggerAutopilot_InternalFailureDoesNotEchoError	testutil.Call	skipped	no_status_assertion	no .Want(...) in the call chain
server/internal/handler/autopilot_webhook_handler_test.go	69	?	direct_handler	helper_site	-	request built inside a test helper, asserted by its callers
server/internal/handler/autopilot_webhook_handler_test.go	116	TestCreateTrigger_RepublishesRuleVersionAtomically	direct_handler	skipped	value_unresolved	fixture needs values the runner cannot bind: $apID
server/internal/handler/autopilot_webhook_handler_test.go	147	?	direct_handler	helper_site	-	request built inside a test helper, asserted by its callers
server/internal/handler/autopilot_webhook_handler_test.go	252	TestCreateWebhookTrigger_EventFiltersRoundTripAsJSONArray	direct_handler	skipped	body_unresolved	body_unresolved
server/internal/handler/autopilot_webhook_handler_test.go	306	TestUpdateWebhookTrigger_ExplicitEmptyArrayClearsFilters	direct_handler	skipped	value_unresolved	fixture needs values the runner cannot bind: $apID, $created.ID
server/internal/handler/autopilot_webhook_handler_test.go	347	TestUpdateWebhookTrigger_OmittedFiltersPreserveExisting	direct_handler	skipped	value_unresolved	fixture needs values the runner cannot bind: $apID, $created.ID
server/internal/handler/autopilot_webhook_handler_test.go	376	TestUpdateWebhookTrigger_ReplacesFilters	direct_handler	skipped	body_unresolved	body_unresolved
server/internal/handler/autopilot_webhook_handler_test.go	404	TestCreateAutopilotTrigger_RejectsInvalidEventFilter	direct_handler	skipped	body_unresolved	body_unresolved
server/internal/handler/autopilot_webhook_handler_test.go	423	TestCreateAutopilotTrigger_RejectsEventFiltersOnSchedule	direct_handler	skipped	body_unresolved	body_unresolved
server/internal/handler/autopilot_webhook_handler_test.go	451	?	direct_handler	helper_site	-	request built inside a test helper, asserted by its callers
server/internal/handler/autopilot_webhook_handler_test.go	813	TestRotateWebhookToken_ReplacesOldToken	direct_handler	skipped	path_not_literal	path_not_literal
server/internal/handler/autopilot_webhook_handler_test.go	885	TestWebhookHandler_IPRateLimitReturns429BeforeDBLookup	direct_handler	skipped	no_status_assertion	no `w.Code` comparison before line 898
server/internal/handler/autopilot_webhook_handler_test.go	917	TestWebhookHandler_IPRateLimitNotBypassedByXFFSpoof	direct_handler	skipped	no_status_assertion	no `w.Code` comparison before line 933
server/internal/handler/autopilot_webhook_handler_test.go	963	TestCreateAutopilotTrigger_RejectsAPIKind	direct_handler	skipped	value_unresolved	fixture needs values the runner cannot bind: $apID
server/internal/handler/autopilot_webhook_handler_test.go	982	TestCreateAutopilotTrigger_RejectsWebhookWithTimezone	direct_handler	skipped	value_unresolved	fixture needs values the runner cannot bind: $apID
server/internal/handler/autopilot_webhook_handler_test.go	1001	TestUpdateAutopilotTrigger_RejectsCronExpressionOnWebhookKind	direct_handler	skipped	value_unresolved	fixture needs values the runner cannot bind: $apID, $trig.ID
server/internal/handler/autopilot_webhook_handler_test.go	1020	TestUpdateAutopilotTrigger_RejectsTimezoneOnWebhookKind	direct_handler	skipped	value_unresolved	fixture needs values the runner cannot bind: $apID, $trig.ID
server/internal/handler/autopilot_webhook_handler_test.go	1042	TestUpdateAutopilotTrigger_AcceptsEnabledAndLabelOnWebhookKind	direct_handler	skipped	value_unresolved	fixture needs values the runner cannot bind: $apID, $trig.ID
server/internal/handler/autopilot_webhook_handler_test.go	1067	TestGetAutopilotRun_ReturnsFullPayload	direct_handler	skipped	value_unresolved	fixture needs values the runner cannot bind: $apID
server/internal/handler/autopilot_webhook_handler_test.go	1079	TestGetAutopilotRun_ReturnsFullPayload	direct_handler	skipped	value_unresolved	fixture needs values the runner cannot bind: $apID, $runID
server/internal/handler/cancel_task_by_user_test.go	162	TestCancelTaskByUser_QueuedOnlyDoesNotCancelPromotedTask	direct_handler	extracted	-	1 fixture(s)
server/internal/handler/cancel_task_by_user_test.go	187	TestCancelTaskByUser_QueuedEditPersistsDraftRestore	direct_handler	skipped	request_var_unresolved	request argument 'cancelQueuedTaskByUserRequest(t, testUserID, taskID, sessionID, "    ")' is not traceable
server/internal/handler/cancel_task_by_user_test.go	265	TestCancelTaskByUser_QueuedEditRollsBackOnRestoreFailure	direct_handler	skipped	request_var_unresolved	request argument 'cancelQueuedTaskByUserRequest(t, testUserID, taskID, sessionID, "    ")' is not traceable
server/internal/handler/cancel_task_by_user_test.go	303	TestCancelTaskByUser_QueuedRemoveDeletesAttachment	direct_handler	skipped	request_var_unresolved	request argument 'cancelQueuedTaskByUserRequest(t, testUserID, taskID, sessionID, "      ")' is not traceable
server/internal/handler/cancel_task_by_user_test.go	374	TestCancelTaskByUser_StartedEmptyChat_WithDraftRestoreCapability_Defers	direct_handler	skipped	request_var_unresolved	request argument 'req' is not traceable
server/internal/handler/cancel_task_by_user_test.go	411	TestCancelTaskByUser_StartedEmptyChat_LegacyClient_StillGetsSynchronousRestore	direct_handler	skipped	request_var_unresolved	request argument 'cancelTaskByUserRequest(t, testUserID, taskID)' is not traceable
server/internal/handler/cancel_task_by_user_test.go	459	TestCancelTaskByUser_RunOnlyAutopilot_Succeeds	direct_handler	skipped	request_var_unresolved	request argument 'cancelTaskByUserRequest(t, testUserID, taskID)' is not traceable
server/internal/handler/cancel_task_by_user_test.go	480	TestCancelTaskByUser_RunOnlyAutopilot_CrossWorkspace_Returns404	direct_handler	skipped	request_var_unresolved	request argument 'cancelTaskByUserRequest(t, testUserID, taskID)' is not traceable
server/internal/handler/cancel_task_by_user_test.go	509	TestCancelTaskByUser_QuickCreate_Succeeds	direct_handler	skipped	request_var_unresolved	request argument 'cancelTaskByUserRequest(t, testUserID, taskID)' is not traceable
server/internal/handler/cancel_task_by_user_test.go	539	TestCancelTaskByUser_RetryClone_Autopilot_Succeeds	direct_handler	skipped	request_var_unresolved	request argument 'cancelTaskByUserRequest(t, testUserID, cloneID)' is not traceable
server/internal/handler/cancel_task_by_user_test.go	573	TestCancelTaskByUser_IssueTask_Succeeds	direct_handler	skipped	request_var_unresolved	request argument 'cancelTaskByUserRequest(t, testUserID, taskID)' is not traceable
server/internal/handler/cancel_task_by_user_test.go	624	TestCancelTaskByUser_DelegatedFailureRecoveryAcknowledgesSignal	direct_handler	skipped	request_var_unresolved	request argument 'cancelTaskByUserRequest(t, testUserID, recoveryTaskID)' is not traceable
server/internal/handler/cancel_task_by_user_test.go	659	TestCancelTaskByUser_ChatTask_NonCreator_Returns403	direct_handler	skipped	request_var_unresolved	request argument 'cancelTaskByUserRequest(t, otherUserID, taskID)' is not traceable
server/internal/handler/cancel_task_by_user_test.go	694	TestCancelTaskByUser_ChatTaskWithTranscript_PersistsAssistantSnapshot	direct_handler	skipped	request_var_unresolved	request argument 'cancelTaskByUserRequest(t, testUserID, taskID)' is not traceable
server/internal/handler/cancel_task_by_user_test.go	745	TestCancelTaskByUser_ChatTaskWithoutTranscript_RestoresUserDraft	direct_handler	skipped	request_var_unresolved	request argument 'cancelTaskByUserRequest(t, testUserID, taskID)' is not traceable
server/internal/handler/cancel_task_by_user_test.go	841	TestCancelTaskByUser_ChatRetryRestoresRootInput	direct_handler	skipped	request_var_unresolved	request argument 'cancelTaskByUserRequest(t, testUserID, retryTaskID)' is not traceable
server/internal/handler/cancel_task_by_user_test.go	907	TestCancelTaskByUser_ChatTaskWithBoundAttachment_SurvivesCancelAndRebinds	direct_handler	skipped	request_var_unresolved	request argument 'cancelTaskByUserRequest(t, testUserID, taskID)' is not traceable
server/internal/handler/cancel_task_by_user_test.go	968	TestCancelTaskByUser_ChatTaskWithBoundAttachment_SurvivesCancelAndRebinds	direct_handler	skipped	body_unresolved	body_unresolved
server/internal/handler/cancel_task_by_user_test.go	1010	TestCancelTaskByUser_PrivateAgent_PlainMember_Returns403	direct_handler	skipped	request_var_unresolved	request argument 'cancelTaskByUserRequest(t, memberID, taskID)' is not traceable
server/internal/handler/channel_context_lock_order_test.go	124	TestChannelContextLockOrder	direct_handler	skipped	no_status_assertion	no `ctx.Code` comparison before line 187
server/internal/handler/channel_new_e2e_test.go	355	TestChannelChatCommandE2ERotatesRouteAndFreezesTaskDelivery	direct_handler	skipped	no_status_assertion	no `ctx.Code` comparison before line 359
server/internal/handler/channel_new_e2e_test.go	359	TestChannelChatCommandE2ERotatesRouteAndFreezesTaskDelivery	direct_handler	skipped	no_status_assertion	no `ctx.Code` comparison before line 400
server/internal/handler/channel_new_e2e_test.go	400	TestChannelChatCommandE2ERotatesRouteAndFreezesTaskDelivery	direct_handler	skipped	no_status_assertion	no `ctx.Code` comparison before line 418
server/internal/handler/chat_archive_cancel_test.go	400	?	direct_handler	helper_site	-	request built inside a test helper, asserted by its callers
server/internal/handler/chat_attachment_reply_test.go	93	?	direct_handler	helper_site	-	request built inside a test helper, asserted by its callers
server/internal/handler/chat_channel_command_visibility_test.go	50	TestChannelCommandVisibility_MessageListsExcludeCommandsBeforePagination	direct_handler	extracted	-	1 fixture(s)
server/internal/handler/chat_channel_command_visibility_test.go	165	TestChannelCommandVisibility_CommandOnlySessionRejectsChatInteractionsButAllowsCleanup	direct_handler	skipped	ambiguous_status	`w.Code` comparisons in the same block: [200, 404]
server/internal/handler/chat_channel_debounce_boundary_test.go	64	?	direct_handler	helper_site	-	request built inside a test helper, asserted by its callers
server/internal/handler/chat_delete_cancel_broadcast_test.go	68	TestDeleteChatSession_BroadcastsTaskCancelled	direct_handler	extracted	-	1 fixture(s)
server/internal/handler/chat_draft_restore_race_test.go	221	TestDeleteWorkspace_SweepsRestoreCommittedByAConcurrentFinalizer	direct_handler	skipped	no_status_assertion	no `w.Code` comparison before line 240
server/internal/handler/chat_draft_restore_race_test.go	300	TestCreateChatSession_BlocksWhileTheWorkspaceDeleteLockIsHeld	direct_handler	skipped	no_status_assertion	no `w.Code` comparison before line 317
server/internal/handler/chat_draft_restore_race_test.go	331	TestFinalizeDeferredCancelledChat_SkipsTheInsertWhenTheSessionIsGone	direct_handler	skipped	path_not_literal	path_not_literal
server/internal/handler/chat_draft_restore_test.go	85	TestChatDraftRestores_CreatorFetchesAndConsumes	direct_handler	extracted	-	1 fixture(s)
server/internal/handler/chat_draft_restore_test.go	115	TestChatDraftRestores_CreatorFetchesAndConsumes	direct_handler	skipped	request_var_unresolved	request argument 'delReq' is not traceable
server/internal/handler/chat_draft_restore_test.go	122	TestChatDraftRestores_CreatorFetchesAndConsumes	direct_handler	skipped	request_var_unresolved	request argument 'withChatTestWorkspaceCtx(t, withURLParam(newRequest(http.MethodGet, "                   "+sessionID+"               ", nil), "         ", sessionID))' is not traceable
server/internal/handler/chat_draft_restore_test.go	165	TestChatDraftRestores_NonCreatorForbidden	direct_handler	skipped	value_unresolved	member identity needs values the runner cannot fabricate: $otherUserID
server/internal/handler/chat_draft_restore_test.go	174	TestChatDraftRestores_NonCreatorForbidden	direct_handler	skipped	value_unresolved	member identity needs values the runner cannot fabricate: $otherUserID
server/internal/handler/chat_draft_restore_test.go	199	TestDeleteChatSession_PrunesDraftRestores	direct_handler	extracted	-	1 fixture(s)
server/internal/handler/chat_draft_restore_test.go	245	TestDeleteAgentRuntime_PrunesDraftRestoresOfSystemAgentSessions	direct_handler	skipped	value_unresolved	fixture needs values the runner cannot bind: $runtimeID
server/internal/handler/chat_draft_restore_test.go	275	TestDeleteAgentRuntime_KeepsDraftRestoresOfUnboundAgentSessions	direct_handler	skipped	value_unresolved	fixture needs values the runner cannot bind: $runtimeID
server/internal/handler/chat_draft_restore_test.go	353	TestDeleteWorkspace_PrunesDraftRestoresOfCascadedSessions	direct_handler	extracted	-	1 fixture(s)
server/internal/handler/chat_history_test.go	140	TestGetChatChannelHistory_Success	direct_handler	extracted	-	1 fixture(s)
server/internal/handler/chat_history_test.go	169	TestGetChatThread_CurrentThread	direct_handler	extracted	-	1 fixture(s)
server/internal/handler/chat_history_test.go	191	TestGetChatThread_ByID	direct_handler	extracted	-	1 fixture(s)
server/internal/handler/chat_history_test.go	213	TestGetChatHistory_NoSlackBindingFallsBackToTranscript	direct_handler	extracted	-	1 fixture(s)
server/internal/handler/chat_history_test.go	246	TestGetChatHistory_NoSlackBindingReadsStoredTranscript	direct_handler	extracted	-	1 fixture(s)
server/internal/handler/chat_history_test.go	289	TestGetChatHistory_NilReaderServesTranscript	direct_handler	extracted	-	1 fixture(s)
server/internal/handler/chat_history_test.go	320	TestGetChatHistory_NilReaderServesStoredTranscript	direct_handler	extracted	-	1 fixture(s)
server/internal/handler/chat_history_test.go	372	TestGetChatHistory_TranscriptNamesItsChannel	direct_handler	skipped	no_status_assertion	no `w.Code` comparison before line 380
server/internal/handler/chat_history_test.go	380	TestGetChatHistory_TranscriptNamesItsChannel	direct_handler	extracted	-	1 fixture(s)
server/internal/handler/chat_history_test.go	412	TestGetChatHistory_WebOnlyTranscriptHasNoChannelType	direct_handler	skipped	no_status_assertion	no `w.Code` comparison before line 422
server/internal/handler/chat_history_test.go	486	TestGetChatHistory_ChannelTaskCannotReadEarlierContextGeneration	direct_handler	extracted	-	1 fixture(s)
server/internal/handler/chat_history_test.go	499	TestGetChatHistory_ChannelTaskCannotReadEarlierContextGeneration	direct_handler	skipped	value_unresolved	fixture needs values the runner cannot bind: $legacyTaskID
server/internal/handler/chat_history_test.go	542	TestGetChatHistory_TranscriptPagesWithoutDuplicatesOrGaps	direct_handler	skipped	path_not_literal	path_not_literal
server/internal/handler/chat_history_test.go	610	TestGetChatHistory_RejectsForgedTaskID	direct_handler	extracted	-	1 fixture(s)
server/internal/handler/chat_history_test.go	628	TestGetChatHistory_MissingTaskHeader	direct_handler	extracted	-	1 fixture(s)
server/internal/handler/chat_history_test.go	642	TestGetChatHistory_NonChatTask	direct_handler	extracted	-	1 fixture(s)
server/internal/handler/chat_pending_tasks_test.go	234	TestGetPendingChatTask_ReturnsActiveHeadAndFIFOQueue	direct_handler	extracted	-	1 fixture(s)
server/internal/handler/chat_pending_tasks_test.go	278	TestGetPendingChatTask_ReturnsActiveHeadAndFIFOQueue	direct_handler	skipped	value_unresolved	fixture needs values the runner cannot bind: $laterID
server/internal/handler/chat_pending_tasks_test.go	294	TestGetPendingChatTask_ReturnsActiveHeadAndFIFOQueue	direct_handler	skipped	no_status_assertion	no `w.Code` comparison before line 313
server/internal/handler/chat_pending_tasks_test.go	313	TestGetPendingChatTask_ReturnsActiveHeadAndFIFOQueue	direct_handler	skipped	no_status_assertion	no `w.Code` comparison before line 337
server/internal/handler/chat_pending_tasks_test.go	478	TestPrioritizeQueuedChatTask_StaleTargetPreservesExistingPriority	direct_handler	skipped	value_unresolved	fixture needs values the runner cannot bind: $staleID
server/internal/handler/chat_pending_tasks_test.go	534	TestPrioritizeQueuedChatTask_RejectsWhileVisibleHeadIsUnclaimed	direct_handler	skipped	value_unresolved	fixture needs values the runner cannot bind: $targetID
server/internal/handler/chat_pending_tasks_test.go	586	TestPrioritizeQueuedChatTask_BroadcastsQueueInvalidation	direct_handler	extracted	-	1 fixture(s)
server/internal/handler/chat_pending_tasks_test.go	639	TestClearQueuedChatTasks_PreservesUnclaimedHeadAndDeletesFollowUps	direct_handler	extracted	-	1 fixture(s)
server/internal/handler/chat_pending_tasks_test.go	696	TestListPendingChatTasks_HidesPrivateAgentFromLostAccessCreator	direct_handler	skipped	no_status_assertion	no `w.Code` comparison before line 705
server/internal/handler/chat_pending_tasks_test.go	719	TestListPendingChatTasks_OwnerSeesPrivateAgentTask	direct_handler	skipped	no_status_assertion	no `w.Code` comparison before line 725
server/internal/handler/chat_pending_tasks_test.go	738	TestPendingChatTaskAggregatesIncludeDeferredRetry	direct_handler	skipped	no_status_assertion	no `w.Code` comparison before line 748
server/internal/handler/chat_pending_tasks_test.go	748	TestPendingChatTaskAggregatesIncludeDeferredRetry	direct_handler	skipped	no_status_assertion	no `w.Code` comparison before line 756
server/internal/handler/chat_pending_tasks_test.go	773	TestHasPendingChatTasks_FalseWhenOnlyInaccessiblePrivateAgent	direct_handler	skipped	no_status_assertion	no `w.Code` comparison before line 777
server/internal/handler/chat_pending_tasks_test.go	797	TestHasPendingChatTasks_TrueWhenAccessiblePublicAgent	direct_handler	skipped	no_status_assertion	no `w.Code` comparison before line 801
server/internal/handler/chat_pending_tasks_test.go	815	TestHasPendingChatTasks_OwnerOfPrivateAgentSeesTask	direct_handler	skipped	no_status_assertion	no `w.Code` comparison before line 819
server/internal/handler/chat_pending_tasks_test.go	837	TestHasPendingChatTasks_IgnoresTerminalTasks	direct_handler	skipped	no_status_assertion	no `w.Code` comparison before line 841
server/internal/handler/chat_pending_tasks_test.go	862	TestHasPendingChatTasks_HidesOtherCreatorsTask	direct_handler	skipped	no_status_assertion	no `w.Code` comparison before line 869
server/internal/handler/chat_pending_tasks_test.go	869	TestHasPendingChatTasks_HidesOtherCreatorsTask	direct_handler	skipped	no_status_assertion	no `w.Code` comparison before line 876
server/internal/handler/chat_pending_tasks_test.go	876	TestHasPendingChatTasks_HidesOtherCreatorsTask	direct_handler	skipped	no_status_assertion	no `w.Code` comparison before line 880
server/internal/handler/chat_project_context_test.go	64	TestCreateChatSession_ProjectContext	direct_handler	skipped	request_var_unresolved	request argument 'req' is not traceable
server/internal/handler/chat_project_context_test.go	92	TestCreateChatSession_ProjectContext	direct_handler	skipped	request_var_unresolved	request argument 'listReq' is not traceable
server/internal/handler/chat_project_context_test.go	121	TestCreateChatSession_ProjectContext	direct_handler	skipped	request_var_unresolved	request argument 'req' is not traceable
server/internal/handler/chat_project_context_test.go	144	TestCreateChatSession_ProjectContext	direct_handler	skipped	request_var_unresolved	request argument 'req' is not traceable
server/internal/handler/chat_project_context_test.go	156	TestCreateChatSession_ProjectContext	direct_handler	skipped	request_var_unresolved	request argument 'req' is not traceable
server/internal/handler/chat_project_context_test.go	193	TestUpdateChatSession_UpdatesProjectContext	direct_handler	skipped	request_var_unresolved	request argument 'req' is not traceable
server/internal/handler/chat_project_context_test.go	265	TestDeleteProject_ClearsChatSessionContext	direct_handler	skipped	value_unresolved	fixture needs values the runner cannot bind: $projectID
server/internal/handler/chat_project_context_test.go	338	TestClaimTaskByRuntime_ChatProjectContext	direct_handler	skipped	path_not_registered	POST /api/daemon/runtimes/{runtimeId}/claim is not in docs/fixtures/upstream-routes.tsv
server/internal/handler/chat_test.go	48	TestSendChatMessage_ReportsPositionInsteadOfQueuedStatus	direct_handler	skipped	request_var_unresolved	request argument 'req' is not traceable
server/internal/handler/chat_test.go	83	TestSendChatMessage_DeferredPredecessorStaysHeadAcrossPromotion	direct_handler	skipped	request_var_unresolved	request argument 'req' is not traceable
server/internal/handler/chat_test.go	159	TestSendChatMessage_LinksAttachments	direct_handler	skipped	body_unresolved	body_unresolved
server/internal/handler/chat_test.go	180	TestSendChatMessage_LinksAttachments	direct_handler	skipped	body_unresolved	body_unresolved
server/internal/handler/chat_test.go	249	TestSendChatMessage_ArchivedAgent	direct_handler	extracted	-	1 fixture(s)
server/internal/handler/chat_test.go	292	TestSendChatMessage_LinksUnattachedAttachments	direct_handler	skipped	body_unresolved	body_unresolved
server/internal/handler/chat_test.go	318	TestSendChatMessage_LinksUnattachedAttachments	direct_handler	skipped	body_unresolved	body_unresolved
server/internal/handler/chat_test.go	356	TestUpdateChatSession_RenamesTitle	direct_handler	extracted	-	1 fixture(s)
server/internal/handler/chat_test.go	405	TestSetChatSessionPinned_TogglesPin	direct_handler	skipped	request_var_unresolved	request argument 'req' is not traceable
server/internal/handler/chat_test.go	466	TestSetChatSessionArchived_TogglesStatus	direct_handler	skipped	request_var_unresolved	request argument 'req' is not traceable
server/internal/handler/chat_test.go	518	TestUpdateChatSession_RejectsBlank	direct_handler	extracted	-	1 fixture(s)
server/internal/handler/chat_test.go	537	TestSendChatMessage_InvalidAttachmentIDs	direct_handler	extracted	-	1 fixture(s)
server/internal/handler/chat_test.go	567	?	direct_handler	helper_site	-	request built inside a test helper, asserted by its callers
server/internal/handler/chat_test.go	601	TestListChatMessagesPage_UsesCursorWithoutChangingLegacyList	direct_handler	extracted	-	1 fixture(s)
server/internal/handler/chat_test.go	709	TestListChatMessagesPage_RejectsInvalidLimit	direct_handler	extracted	-	1 fixture(s)
server/internal/handler/chat_test.go	772	TestDeleteChatSession_PrunesChannelRows	direct_handler	extracted	-	1 fixture(s)
server/internal/handler/chat_test.go	850	TestSetChatSessionArchived_ClearsChannelBinding	direct_handler	skipped	request_var_unresolved	request argument 'req' is not traceable
server/internal/handler/chat_test.go	919	TestListChatSessions_ArchivedSessionReportsZeroUnread	direct_handler	skipped	request_var_unresolved	request argument 'req' is not traceable
server/internal/handler/chat_test.go	942	TestListChatSessions_ArchivedSessionReportsZeroUnread	direct_handler	skipped	request_var_unresolved	request argument 'req' is not traceable
server/internal/handler/claim_project_context_test.go	131	TestClaimTask_IssueProjectInForeignWorkspace_DegradesToWorkspaceRepos	testutil.Call	skipped	value_unresolved	fixture needs values the runner cannot bind: $runtimeID
server/internal/handler/claim_project_context_test.go	184	TestClaimTask_QuickCreateProjectInForeignWorkspace_DegradesToWorkspaceRepos	testutil.Call	skipped	value_unresolved	fixture needs values the runner cannot bind: $runtimeID
server/internal/handler/claim_project_context_test.go	263	TestClaimTask_ProjectResourceFromForeignWorkspace_IsFilteredOut	testutil.Call	skipped	value_unresolved	fixture needs values the runner cannot bind: $runtimeID
server/internal/handler/claim_project_context_test.go	328	TestClaimTask_AutopilotRunOnlyForeignWorkspace_CancelsTask	testutil.Call	skipped	value_unresolved	fixture needs values the runner cannot bind: $localRuntimeID
server/internal/handler/client_usage_test.go	61	TestUpsertClientUsageKeepsRuntimeSnapshotOnActivityRefresh	direct_handler	skipped	request_var_unresolved	request argument 'req' is not traceable
server/internal/handler/cloud_billing_test.go	50	TestCloudBillingProxiesForwardCorrectly	direct_handler	skipped	no_status_assertion	no `w.Code` comparison before line 60
server/internal/handler/cloud_billing_test.go	60	TestCloudBillingProxiesForwardCorrectly	direct_handler	skipped	no_status_assertion	no `w.Code` comparison before line 70
server/internal/handler/cloud_billing_test.go	70	TestCloudBillingProxiesForwardCorrectly	direct_handler	skipped	no_status_assertion	no `w.Code` comparison before line 79
server/internal/handler/cloud_billing_test.go	79	TestCloudBillingProxiesForwardCorrectly	direct_handler	skipped	no_status_assertion	no `w.Code` comparison before line 88
server/internal/handler/cloud_billing_test.go	88	TestCloudBillingProxiesForwardCorrectly	direct_handler	skipped	no_status_assertion	no `w.Code` comparison before line 98
server/internal/handler/cloud_billing_test.go	98	TestCloudBillingProxiesForwardCorrectly	direct_handler	skipped	no_status_assertion	no `w.Code` comparison before line 107
server/internal/handler/cloud_billing_test.go	107	TestCloudBillingProxiesForwardCorrectly	direct_handler	skipped	request_var_unresolved	request argument 'r' is not traceable
server/internal/handler/cloud_billing_test.go	174	TestGetCloudBillingCheckoutSession_AppendsSessionIDToPath	direct_handler	skipped	path_not_registered	GET /api/cloud-billing/checkout-sessions/cs_test_abc is not in docs/fixtures/upstream-routes.tsv
server/internal/handler/cloud_billing_test.go	205	TestGetCloudBillingCheckoutSession_RejectsPathTraversal	direct_handler	skipped	request_var_unresolved	request argument 'req' is not traceable
server/internal/handler/cloud_billing_test.go	226	TestGetCloudBillingCheckoutSession_MissingPathParamReturns400	direct_handler	skipped	path_not_registered	GET /api/cloud-billing/checkout-sessions is not in docs/fixtures/upstream-routes.tsv
server/internal/handler/cloud_billing_test.go	244	TestCloudBillingDisabledReturnsForbidden	direct_handler	extracted	-	1 fixture(s)
server/internal/handler/cloud_billing_test.go	389	TestCreateCloudWorkspaceSubscriptionCheckoutInjectsAuthoritativeWorkspaceAndEmail	direct_handler	extracted	-	1 fixture(s)
server/internal/handler/cloud_billing_test.go	424	TestCreateCloudWorkspaceSubscriptionCheckoutFailsWhenPayerCannotBeResolved	direct_handler	extracted	-	1 fixture(s)
server/internal/handler/cloud_billing_test.go	446	TestCreateCloudWorkspaceSubscriptionCheckoutRejectsInvalidPayerID	direct_handler	extracted	-	1 fixture(s)
server/internal/handler/cloud_billing_test.go	470	TestCreateCloudWorkspaceSubscriptionCheckoutRejectsEmptyPayerEmail	direct_handler	skipped	value_unresolved	member identity needs values the runner cannot fabricate: $emptyEmailUserID
server/internal/handler/cloud_billing_test.go	497	TestCreateCloudWorkspaceSubscriptionCheckoutAcceptsHeaderIdempotencyKey	direct_handler	extracted	-	1 fixture(s)
server/internal/handler/cloud_billing_test.go	526	TestCloudWorkspaceSeatPurchaseForwardsOnlyAdditiveConfirmation	direct_handler	extracted	-	1 fixture(s)
server/internal/handler/cloud_billing_test.go	557	TestCloudWorkspaceSeatPurchasePreviewUsesAuthoritativePath	direct_handler	skipped	body_unresolved	body_unresolved
server/internal/handler/cloud_billing_test.go	589	TestCloudWorkspaceSeatPurchaseRejectsInvalidRequests	direct_handler	skipped	request_var_unresolved	request argument 'req' is not traceable
server/internal/handler/cloud_billing_test.go	610	TestCloudWorkspaceSubscriptionWritesRequireManagerRole	direct_handler	extracted	-	1 fixture(s)
server/internal/handler/cloud_billing_test.go	635	TestCloudWorkspaceSubscriptionsRejectMachineActorsAtHandler	direct_handler	skipped	request_var_unresolved	request argument 'req' is not traceable
server/internal/handler/cloud_billing_test.go	744	TestStripeWebhookForwardsRawBodyAndSignature	direct_handler	skipped	body_unresolved	body_unresolved
server/internal/handler/cloud_billing_test.go	792	TestStripeWebhookMissingSignatureRejectedLocally	direct_handler	extracted	-	1 fixture(s)
server/internal/handler/cloud_billing_test.go	821	TestStripeWebhookForwardsEmptyBody	direct_handler	skipped	no_status_assertion	no `w.Code` comparison before line 829
server/internal/handler/cloud_billing_test.go	844	TestStripeWebhookRejectsLargeBody	direct_handler	skipped	no_status_assertion	no `w.Code` comparison before line 852
server/internal/handler/cloud_billing_test.go	864	TestStripeWebhookDisabledReturnsForbidden	direct_handler	extracted	-	1 fixture(s)
server/internal/handler/cloud_billing_test.go	890	TestStripeWebhookRateLimited	direct_handler	extracted	-	1 fixture(s)
server/internal/handler/cloud_runtime_test.go	67	TestCreateCloudRuntimeNodeForwardsBody	direct_handler	extracted	-	1 fixture(s)
server/internal/handler/cloud_runtime_test.go	95	TestCloudRuntimeDisabledReturnsForbidden	direct_handler	extracted	-	1 fixture(s)
server/internal/handler/cloud_runtime_test.go	119	TestListCloudRuntimeNodesForwardsQuery	direct_handler	extracted	-	1 fixture(s)
server/internal/handler/cloud_runtime_test.go	148	TestCloudRuntimeNonJSONResponseIsWrapped	direct_handler	skipped	no_status_assertion	no `w.Code` comparison before line 159
server/internal/handler/cloud_runtime_test.go	174	TestCloudRuntimeEmptyResponseKeepsStatus	direct_handler	extracted	-	1 fixture(s)
server/internal/handler/cloud_runtime_test.go	200	TestCreateCloudRuntimeNodeRejectsLargeBody	direct_handler	skipped	no_status_assertion	no `w.Code` comparison before line 208
server/internal/handler/comment_content_sanitize_test.go	35	TestCreateComment_StripsNullBytesInsteadOf500	direct_handler	extracted	-	1 fixture(s)
server/internal/handler/comment_create_attachment_test.go	57	?	testutil.Call	helper_site	-	request built inside a test helper, asserted by its callers
server/internal/handler/comment_create_attachment_test.go	279	TestCreateCommentWithAttachmentDoesNotDeadlockWithIssueTeardown	direct_handler	skipped	no_status_assertion	no `ctx.Code` comparison before line 297
server/internal/handler/comment_create_attachment_test.go	329	TestDeleteAttachmentTakesTheIssueBeforeTheRow	testutil.Call	skipped	no_status_assertion	no .Want(...) in the call chain
server/internal/handler/comment_delete_test.go	83	?	testutil.Call	helper_site	-	request built inside a test helper, asserted by its callers
server/internal/handler/comment_delete_test.go	163	TestDeleteCommentWithRepliesLeavesTombstone	testutil.Call	skipped	value_unresolved	fixture needs values the runner cannot bind: $b
server/internal/handler/comment_delete_test.go	166	TestDeleteCommentWithRepliesLeavesTombstone	testutil.Call	skipped	value_unresolved	fixture needs values the runner cannot bind: $b
server/internal/handler/comment_delete_test.go	169	TestDeleteCommentWithRepliesLeavesTombstone	testutil.Call	skipped	no_status_assertion	no .Want(...) in the call chain
server/internal/handler/comment_delete_test.go	391	TestCommentChildWritesWaitingOnDeleteDoNotLandOnTombstone	direct_handler	skipped	no_status_assertion	no `w.Code` comparison before line 414
server/internal/handler/comment_delete_test.go	414	TestCommentChildWritesWaitingOnDeleteDoNotLandOnTombstone	direct_handler	skipped	no_status_assertion	no `w.Code` comparison before line 464
server/internal/handler/comment_delete_test.go	472	TestRemoveReactionOnTombstoneIsNotFound	testutil.Call	extracted	-	1 fixture(s)
server/internal/handler/comment_list_test.go	138	?	direct_handler	helper_site	-	request built inside a test helper, asserted by its callers
server/internal/handler/comment_list_test.go	1473	TestCreateCommentPreservesDirectParent	direct_handler	skipped	request_var_unresolved	request argument 'req' is not traceable
server/internal/handler/comment_reconcile_test.go	27	?	direct_handler	helper_site	-	request built inside a test helper, asserted by its callers
server/internal/handler/comment_reply_authz_handler_test.go	34	TestCreateComment_TriggeredTaskRejectsTopLevelComment	direct_handler	skipped	value_unresolved	fixture needs values the runner cannot bind: $fx.IssueID, $fx.LeaderID, $fx.TaskID
server/internal/handler/comment_reply_authz_handler_test.go	81	TestCreateComment_TriggeredTaskAllowsReplyUnderTrigger	direct_handler	skipped	body_unresolved	body_unresolved
server/internal/handler/comment_reply_authz_handler_test.go	120	TestCreateComment_TriggeredTaskRejectsForeignParent	direct_handler	skipped	body_unresolved	body_unresolved
server/internal/handler/comment_resolve_test.go	24	?	direct_handler	helper_site	-	request built inside a test helper, asserted by its callers
server/internal/handler/comment_touch_issue_test.go	46	TestCreateComment_BumpsIssueActivity	direct_handler	extracted	-	1 fixture(s)
server/internal/handler/comment_touch_issue_test.go	214	TestCommentMutationEventsCarryIssueRevision	direct_handler	skipped	value_unresolved	fixture needs values the runner cannot bind: $commentID
server/internal/handler/comment_touch_issue_test.go	233	TestCommentMutationEventsCarryIssueRevision	direct_handler	skipped	value_unresolved	fixture needs values the runner cannot bind: $commentID
server/internal/handler/comment_touch_issue_test.go	418	TestCommentMutationsFollowIssueTeardownLockOrder	direct_handler	skipped	no_status_assertion	no `ctx.Code` comparison before line 436
server/internal/handler/comment_trigger_outcomes_test.go	62	TestCreateComment_MixedMentionSurfacesPartialTriggerOutcomes	direct_handler	skipped	body_unresolved	body_unresolved
server/internal/handler/comment_trigger_outcomes_test.go	163	TestCreateComment_AgentAndSameLeaderSquad	direct_handler	skipped	request_var_unresolved	request argument 'r' is not traceable
server/internal/handler/comment_trigger_outcomes_test.go	224	TestCreateComment_TwoSquadsSharingLeaderCoalescesNonWinner	direct_handler	skipped	body_unresolved	body_unresolved
server/internal/handler/comment_trigger_outcomes_test.go	287	TestCreateComment_SquadLeaderSelfMentionCompletedTaskDoesNotFakeSuccess	direct_handler	skipped	body_unresolved	body_unresolved
server/internal/handler/comment_trigger_preview_test.go	60	?	direct_handler	helper_site	-	request built inside a test helper, asserted by its callers
server/internal/handler/comment_trigger_preview_test.go	78	?	direct_handler	helper_site	-	request built inside a test helper, asserted by its callers
server/internal/handler/comment_trigger_preview_test.go	110	?	direct_handler	helper_site	-	request built inside a test helper, asserted by its callers
server/internal/handler/comment_trigger_preview_test.go	532	TestCreateComment_TopLevelNewThreadFallsBackToAssignee	direct_handler	skipped	body_unresolved	body_unresolved
server/internal/handler/comment_worker_handoff_test.go	27	?	testutil.Call	helper_site	-	request built inside a test helper, asserted by its callers
server/internal/handler/comment_worker_handoff_test.go	35	?	testutil.Call	helper_site	-	request built inside a test helper, asserted by its callers
server/internal/handler/comment_worker_handoff_test.go	77	TestWorkerReplyDelivery	testutil.Call	skipped	request_var_unresolved	request expression is not traceable
server/internal/handler/comment_worker_handoff_test.go	238	TestWorkerReplyReconcileBoundaries	testutil.Call	skipped	request_var_unresolved	request expression is not traceable
server/internal/handler/config_test.go	26	TestGetConfigReportsCdnSignedMode	direct_handler	skipped	request_var_unresolved	request argument 'req' is not traceable
server/internal/handler/config_test.go	70	TestGetConfigIncludesRuntimeAuthConfig	direct_handler	extracted	-	1 fixture(s)
server/internal/handler/config_test.go	116	TestGetConfigUsesDaemonServerURLOverride	testutil.Call	extracted	-	1 fixture(s)
server/internal/handler/config_test.go	133	TestGetConfigHonorsVCSIntegrationSwitch	direct_handler	skipped	request_var_unresolved	request argument 'req' is not traceable
server/internal/handler/config_test.go	167	TestGetConfigUsesAppURLForSameOriginDaemonSetup	direct_handler	extracted	-	1 fixture(s)
server/internal/handler/config_test.go	193	TestGetConfigUsesFrontendOriginForSameOriginDaemonSetup	direct_handler	extracted	-	1 fixture(s)
server/internal/handler/config_test.go	218	TestGetConfigOmitsOfficialCloudDaemonSetup	direct_handler	extracted	-	1 fixture(s)
server/internal/handler/config_test.go	252	TestGetConfigOmitsCloudDaemonSetupWithoutPublicURL	direct_handler	extracted	-	1 fixture(s)
server/internal/handler/config_test.go	279	TestGetConfigOmitsCloudDaemonSetupForConfiguredAppURL	direct_handler	extracted	-	1 fixture(s)
server/internal/handler/config_test.go	332	TestGetConfigExposesWorkspaceCreationDisabled	direct_handler	extracted	-	1 fixture(s)
server/internal/handler/config_test.go	361	TestGetConfigExposesServerVersion	direct_handler	extracted	-	1 fixture(s)
server/internal/handler/config_test.go	375	TestGetConfigExposesServerVersion	direct_handler	skipped	no_status_assertion	no `w.Code` comparison before line 382
server/internal/handler/config_test.go	399	TestGetConfigOmitsServerVersionOnOfficialCloud	direct_handler	skipped	no_status_assertion	no `w.Code` comparison before line 411
server/internal/handler/config_test.go	411	TestGetConfigOmitsServerVersionOnOfficialCloud	direct_handler	skipped	no_status_assertion	no `w.Code` comparison before line 418
server/internal/handler/config_test.go	424	TestGetConfigExposesFrontendFeatureFlags	direct_handler	extracted	-	1 fixture(s)
server/internal/handler/config_test.go	472	TestGetConfigExposesFrontendFeatureFlags	direct_handler	extracted	-	1 fixture(s)
server/internal/handler/config_test.go	490	TestGetConfigExposesEnabledPluginsV1Flag	direct_handler	extracted	-	1 fixture(s)
server/internal/handler/config_test.go	512	TestGetConfigDeclaresLocalWorktreeSupport	direct_handler	extracted	-	1 fixture(s)
server/internal/handler/config_test.go	541	TestGetConfigDeclaresAgentConversationStartersSupport	direct_handler	extracted	-	1 fixture(s)
server/internal/handler/config_test.go	564	TestGetConfigDeclaresIssueCreatePropertiesSupport	direct_handler	extracted	-	1 fixture(s)
server/internal/handler/config_test.go	590	TestGetConfigDeclaresCommentDeleteKeepsReplies	direct_handler	extracted	-	1 fixture(s)
server/internal/handler/contact_sales_test.go	52	TestCreateContactSalesHappyPath	direct_handler	skipped	body_unresolved	body_unresolved
server/internal/handler/contact_sales_test.go	71	TestCreateContactSalesRejectsFreeEmail	direct_handler	skipped	body_unresolved	body_unresolved
server/internal/handler/contact_sales_test.go	83	TestCreateContactSalesRejectsInvalidEmail	direct_handler	skipped	body_unresolved	body_unresolved
server/internal/handler/contact_sales_test.go	95	TestCreateContactSalesRejectsUnknownCompanySize	direct_handler	skipped	body_unresolved	body_unresolved
server/internal/handler/contact_sales_test.go	107	TestCreateContactSalesRejectsUnknownUseCase	direct_handler	skipped	body_unresolved	body_unresolved
server/internal/handler/contact_sales_test.go	119	TestCreateContactSalesMissingFirstName	direct_handler	skipped	body_unresolved	body_unresolved
server/internal/handler/contact_sales_test.go	133	TestCreateContactSalesPerEmailRateLimit	direct_handler	skipped	body_unresolved	body_unresolved
server/internal/handler/contact_sales_test.go	140	TestCreateContactSalesPerEmailRateLimit	direct_handler	skipped	body_unresolved	body_unresolved
server/internal/handler/contact_sales_test.go	208	TestCreateContactSalesRejectsFreeEmailWithDisplayName	direct_handler	skipped	body_unresolved	body_unresolved
server/internal/handler/contact_sales_test.go	221	TestCreateContactSalesNormalizesDisplayNameEmail	direct_handler	skipped	body_unresolved	body_unresolved
server/internal/handler/cross_issue_originator_test.go	126	?	testutil.Call	helper_site	-	request built inside a test helper, asserted by its callers
server/internal/handler/cross_issue_originator_test.go	135	?	testutil.Call	helper_site	-	request built inside a test helper, asserted by its callers
server/internal/handler/cross_issue_originator_test.go	150	?	testutil.Call	helper_site	-	request built inside a test helper, asserted by its callers
server/internal/handler/daemon_batch_claim_finalize_test.go	269	TestClaimTasksByRuntime_RequiresDaemonID	direct_handler	extracted	-	1 fixture(s)
server/internal/handler/daemon_batch_claim_test.go	54	?	direct_handler	helper_site	-	request built inside a test helper, asserted by its callers
server/internal/handler/daemon_chat_resume_fallback_test.go	91	TestClaimTaskChatCompletePointerSkipsSessionFallbackQuery	testutil.Call	skipped	value_unresolved	fixture needs values the runner cannot bind: $runtimeID
server/internal/handler/daemon_chat_resume_fallback_test.go	171	TestClaimTaskChatInputLoadFailureSkipsResumeQueries	testutil.Call	skipped	value_unresolved	fixture needs values the runner cannot bind: $runtimeID
server/internal/handler/daemon_claim_attachment_batch_test.go	77	?	testutil.Call	helper_site	-	request built inside a test helper, asserted by its callers
server/internal/handler/daemon_claim_cancelled_session_test.go	468	TestPinTaskSession_PointerAdvanceIsAtomicWithPin	direct_handler	skipped	no_status_assertion	no `w.Code` comparison before line 497
server/internal/handler/daemon_claim_cancelled_session_test.go	764	TestCancelAndPin_ConcurrentWithTerminalReport	direct_handler	skipped	request_var_unresolved	request argument 'req' is not traceable
server/internal/handler/daemon_claim_cancelled_session_test.go	921	?	direct_handler	helper_site	-	request built inside a test helper, asserted by its callers
server/internal/handler/daemon_claim_channel_type_test.go	109	?	direct_handler	helper_site	-	request built inside a test helper, asserted by its callers
server/internal/handler/daemon_claim_continuity_gap_test.go	26	?	direct_handler	helper_site	-	request built inside a test helper, asserted by its callers
server/internal/handler/daemon_claim_issue_status_test.go	49	TestClaimTaskByRuntime_PopulatesIssueStatusCatalog	testutil.Call	skipped	value_unresolved	fixture needs values the runner cannot bind: $runtimeID
server/internal/handler/daemon_claim_issue_status_test.go	113	TestClaimTaskByRuntime_IssueStatusCatalogAbsentWithoutCustoms	testutil.Call	skipped	value_unresolved	fixture needs values the runner cannot bind: $runtimeID
server/internal/handler/daemon_claim_issue_status_test.go	154	TestClaimTaskByRuntime_IssueStatusCatalogCap	testutil.Call	skipped	value_unresolved	fixture needs values the runner cannot bind: $runtimeID
server/internal/handler/daemon_claim_workspace_mcp_test.go	19	?	direct_handler	helper_site	-	request built inside a test helper, asserted by its callers
server/internal/handler/daemon_comment_delivery_test.go	229	?	direct_handler	helper_site	-	request built inside a test helper, asserted by its callers
server/internal/handler/daemon_comment_delivery_test.go	372	?	direct_handler	helper_site	-	request built inside a test helper, asserted by its callers
server/internal/handler/daemon_comment_delivery_test.go	403	TestUpdateComment_RequeuesSurvivingCoalescedBatch	direct_handler	skipped	path_not_literal	path_not_literal
server/internal/handler/daemon_comment_delivery_test.go	424	TestDeleteComment_RequeuesSurvivingCoalescedBatch	direct_handler	skipped	path_not_literal	path_not_literal
server/internal/handler/daemon_comment_delivery_test.go	454	TestUpdateComment_CancelsAndRequeuesWhenEditedInputIsCoalesced	direct_handler	skipped	path_not_literal	path_not_literal
server/internal/handler/daemon_comment_delivery_test.go	482	TestDeleteComment_CancelsAndRequeuesWhenDeletedInputIsCoalesced	direct_handler	skipped	path_not_literal	path_not_literal
server/internal/handler/daemon_comment_delivery_test.go	505	TestDeleteComment_FailureRestoresCancelledCompleteBatch	direct_handler	skipped	path_not_literal	path_not_literal
server/internal/handler/daemon_comment_delivery_test.go	535	TestDeleteComment_ConcurrentNoOpIsReportedAndRestoresCancelledBatch	direct_handler	skipped	path_not_literal	path_not_literal
server/internal/handler/daemon_comment_delivery_test.go	940	TestClaimTaskByRuntime_FinalizationFailureRequeuesImmediately	direct_handler	skipped	value_unresolved	fixture needs values the runner cannot bind: $fixture.runtimeID, $protocol.DaemonCapabilityCoalescedCommentsV1
server/internal/handler/daemon_comment_workspace_scope_test.go	64	?	direct_handler	helper_site	-	request built inside a test helper, asserted by its callers
server/internal/handler/daemon_context_exhausted_test.go	82	TestCompleteTask_ContextExhaustionFromOlderDaemonIsRecordedAsFailed	direct_handler	skipped	request_var_unresolved	request argument 'req' is not traceable
server/internal/handler/daemon_context_exhausted_test.go	199	TestCompleteTask_RealAnswerStillCompletes	direct_handler	skipped	request_var_unresolved	request argument 'req' is not traceable
server/internal/handler/daemon_deregister_batch_test.go	93	TestDaemonDeregisterMixedRuntimeIDs	testutil.Call	skipped	body_unresolved	body_unresolved
server/internal/handler/daemon_deregister_batch_test.go	118	TestDaemonDeregisterBatchReadErrorFailsClosed	testutil.Call	skipped	body_unresolved	body_unresolved
server/internal/handler/daemon_issue_snapshot_test.go	203	TestClaimTaskByRuntime_RecordsItsOwnIssueSnapshot	testutil.Call	skipped	value_unresolved	fixture needs values the runner cannot bind: $runtimeID
server/internal/handler/daemon_legacy_skill_redirect_test.go	88	TestClaimTaskByRuntime_LegacySkillRedirectFollowsTheCapability	testutil.Call	skipped	request_var_unresolved	request expression is not traceable
server/internal/handler/daemon_runtime_access_test.go	34	TestClaimTaskByRuntime_OwnerlessAgentOnPrivateRuntimeFailsExplicitly	testutil.Call	skipped	value_unresolved	fixture needs values the runner cannot bind: $runtimeID
server/internal/handler/daemon_runtime_access_test.go	71	TestClaimTaskByRuntime_SettlesPrivateOwnerMismatch	testutil.Call	skipped	value_unresolved	fixture needs values the runner cannot bind: $runtimeID
server/internal/handler/daemon_runtime_access_test.go	103	TestClaimTaskByRuntime_SettlesPrivateOwnerMismatchChatFailure	testutil.Call	skipped	value_unresolved	fixture needs values the runner cannot bind: $runtimeID
server/internal/handler/daemon_runtime_access_test.go	412	TestClaimTaskByRuntime_RuntimeOwnerChangedAfterClaimNeverDelivered	testutil.Call	skipped	request_var_unresolved	request expression is not traceable
server/internal/handler/daemon_runtime_access_test.go	624	TestFinalizeClaimDelivery_SettlementFailureIsUnsettled	testutil.Call	skipped	value_unresolved	fixture needs values the runner cannot bind: $runtimeID
server/internal/handler/daemon_skill_load_failure_test.go	125	TestClaimTaskByRuntime_SkillReadFailurePreservesTask	testutil.Call	skipped	request_var_unresolved	request expression is not traceable
server/internal/handler/daemon_skill_load_failure_test.go	166	TestResolveTaskSkillBundles_SkillReadFailureReturns500	testutil.Call	skipped	body_unresolved	body_unresolved
server/internal/handler/daemon_skill_load_failure_test.go	171	TestResolveTaskSkillBundles_SkillReadFailureReturns500	testutil.Call	skipped	body_unresolved	body_unresolved
server/internal/handler/daemon_skill_resolve_scope_test.go	150	?	testutil.Call	helper_site	-	request built inside a test helper, asserted by its callers
server/internal/handler/daemon_task_lookup_test.go	68	TestGetTaskStatus_DoesNotResolveSourceWorkspace	testutil.Call	skipped	request_var_unresolved	request expression is not traceable
server/internal/handler/daemon_task_lookup_test.go	89	TestGetTaskStatus_TaskRowPresenceContract	testutil.Call	skipped	request_var_unresolved	request expression is not traceable
server/internal/handler/daemon_task_lookup_test.go	111	TestGetTaskStatus_TaskRowPresenceContract	testutil.Call	skipped	request_var_unresolved	request expression is not traceable
server/internal/handler/daemon_task_lookup_test.go	133	TestGetTaskStatus_ForeignWorkspace_Returns404	testutil.Call	extracted	-	1 fixture(s)
server/internal/handler/daemon_test.go	125	TestListDaemonWorkspaces_UserScopedAndConditional	testutil.Call	extracted	-	1 fixture(s)
server/internal/handler/daemon_test.go	142	TestListDaemonWorkspaces_UserScopedAndConditional	testutil.Call	skipped	value_unresolved	fixture needs values the runner cannot bind: $etag
server/internal/handler/daemon_test.go	149	TestListDaemonWorkspaces_DaemonTokenIsWorkspaceScoped	testutil.Call	extracted	-	1 fixture(s)
server/internal/handler/daemon_test.go	221	?	testutil.Call	helper_site	-	request built inside a test helper, asserted by its callers
server/internal/handler/daemon_test.go	241	?	testutil.Call	helper_site	-	request built inside a test helper, asserted by its callers
server/internal/handler/daemon_test.go	444	TestExtendTaskPrepareLease	testutil.Call	skipped	value_unresolved	fixture needs values the runner cannot bind: $otherRuntimeID
server/internal/handler/daemon_test.go	449	TestExtendTaskPrepareLease	testutil.Call	skipped	value_unresolved	fixture needs values the runner cannot bind: $runtimeID
server/internal/handler/daemon_test.go	548	TestClaimTaskByRuntime_SkillBundleRefsAndResolve	testutil.Call	skipped	value_unresolved	fixture needs values the runner cannot bind: $protocol.DaemonCapabilitySkillBundlesV1, $runtimeID
server/internal/handler/daemon_test.go	574	TestClaimTaskByRuntime_SkillBundleRefsAndResolve	testutil.Call	skipped	body_unresolved	body_unresolved
server/internal/handler/daemon_test.go	586	TestClaimTaskByRuntime_SkillBundleRefsAndResolve	testutil.Call	skipped	body_unresolved	body_unresolved
server/internal/handler/daemon_test.go	591	TestClaimTaskByRuntime_SkillBundleRefsAndResolve	testutil.Call	skipped	body_unresolved	body_unresolved
server/internal/handler/daemon_test.go	603	TestClaimTaskByRuntime_SkillBundleRefsAndResolve	testutil.Call	skipped	body_unresolved	body_unresolved
server/internal/handler/daemon_test.go	640	TestClaimTaskByRuntime_PopulatesWorkspaceContext	testutil.Call	skipped	value_unresolved	fixture needs values the runner cannot bind: $runtimeID
server/internal/handler/daemon_test.go	697	TestClaimTaskByRuntime_WorkspaceContextEmptyWhenUnset	testutil.Call	skipped	value_unresolved	fixture needs values the runner cannot bind: $runtimeID
server/internal/handler/daemon_test.go	739	TestClaimTaskByRuntime_MissingRuntimeOwnerCancelsAndRejects	testutil.Call	skipped	value_unresolved	fixture needs values the runner cannot bind: $runtimeID
server/internal/handler/daemon_test.go	764	TestDaemonRegister_WithDaemonToken	testutil.Call	skipped	body_unresolved	body_unresolved
server/internal/handler/daemon_test.go	802	TestDaemonRegister_RecordsRuntimeProfileRegistrationFailure	testutil.Call	skipped	body_unresolved	body_unresolved
server/internal/handler/daemon_test.go	859	TestDaemonRegister_WithDaemonToken_WorkspaceMismatch	direct_handler	skipped	body_unresolved	body_unresolved
server/internal/handler/daemon_test.go	879	TestDaemonHeartbeat_WithDaemonToken_CrossWorkspace	testutil.Call	skipped	body_unresolved	body_unresolved
server/internal/handler/daemon_test.go	890	TestDaemonHeartbeat_WithDaemonToken_CrossWorkspace	testutil.Call	skipped	body_unresolved	body_unresolved
server/internal/handler/daemon_test.go	977	TestDaemonHeartbeat_HTTPRuntimeGoneReturns404	testutil.Call	skipped	body_unresolved	body_unresolved
server/internal/handler/daemon_test.go	1014	TestDaemonHeartbeat_SlowProbeDoesNotWedge	direct_handler	skipped	body_unresolved	body_unresolved
server/internal/handler/daemon_test.go	1051	TestDaemonHeartbeat_EmptyQueueSkipsPopPending	testutil.Call	skipped	body_unresolved	body_unresolved
server/internal/handler/daemon_test.go	1104	TestGetTaskStatus_WithDaemonToken_CrossWorkspace	direct_handler	skipped	request_var_unresolved	request argument 'req' is not traceable
server/internal/handler/daemon_test.go	1117	TestGetTaskStatus_WithDaemonToken_CrossWorkspace	direct_handler	skipped	request_var_unresolved	request argument 'req' is not traceable
server/internal/handler/daemon_test.go	1135	TestGetTaskStatus_TransientDBError_Returns500	testutil.Call	extracted	-	1 fixture(s)
server/internal/handler/daemon_test.go	1151	TestGetTaskStatus_ErrNoRows_Returns404	testutil.Call	extracted	-	1 fixture(s)
server/internal/handler/daemon_test.go	1180	TestGetIssueGCCheck_WithDaemonToken_CrossWorkspace	testutil.Call	extracted	-	1 fixture(s)
server/internal/handler/daemon_test.go	1186	TestGetIssueGCCheck_WithDaemonToken_CrossWorkspace	testutil.Call	extracted	-	1 fixture(s)
server/internal/handler/daemon_test.go	1222	TestBatchIssueGCCheck_WithDaemonToken	testutil.Call	skipped	body_unresolved	body_unresolved
server/internal/handler/daemon_test.go	1247	TestBatchIssueGCCheck_WithDaemonToken	testutil.Call	skipped	body_unresolved	body_unresolved
server/internal/handler/daemon_test.go	1344	TestGetActiveTaskForIssue_CrossWorkspace_Returns404	testutil.Call	skipped	value_unresolved	fixture needs values the runner cannot bind: $foreignIssueID
server/internal/handler/daemon_test.go	1359	TestCancelTask_CrossWorkspace_Returns404	testutil.Call	skipped	value_unresolved	fixture needs values the runner cannot bind: $foreignIssueID, $foreignTaskID
server/internal/handler/daemon_test.go	1410	TestCancelTask_TaskBelongsToDifferentIssue_Returns404	testutil.Call	skipped	value_unresolved	fixture needs values the runner cannot bind: $issueYID
server/internal/handler/daemon_test.go	1452	TestCancelTask_SameIssue_Succeeds	testutil.Call	extracted	-	1 fixture(s)
server/internal/handler/daemon_test.go	1469	TestListTasksByIssue_CrossWorkspace_Returns404	testutil.Call	skipped	value_unresolved	fixture needs values the runner cannot bind: $foreignIssueID
server/internal/handler/daemon_test.go	1483	TestGetIssueUsage_CrossWorkspace_Returns404	testutil.Call	skipped	value_unresolved	fixture needs values the runner cannot bind: $foreignIssueID
server/internal/handler/daemon_test.go	1533	TestGetIssueUsageReportsUsageCoverage	testutil.Call	extracted	-	1 fixture(s)
server/internal/handler/daemon_test.go	1556	TestGetDaemonWorkspaceRepos_WithDaemonToken	testutil.Call	extracted	-	1 fixture(s)
server/internal/handler/daemon_test.go	1586	TestGetDaemonWorkspaceRepos_WithDaemonToken_WorkspaceMismatch	testutil.Call	extracted	-	1 fixture(s)
server/internal/handler/daemon_test.go	1603	TestGetDaemonWorkspaceRepos_VersionIgnoresOrderAndDescription	testutil.Call	skipped	request_var_unresolved	request expression is not traceable
server/internal/handler/daemon_test.go	1699	TestDaemonRegister_MergesLegacyDaemonIDRuntime	testutil.Call	skipped	body_unresolved	body_unresolved
server/internal/handler/daemon_test.go	1773	TestDaemonRegister_MergesLegacyDaemonIDRuntime_ReverseDotLocal	testutil.Call	skipped	body_unresolved	body_unresolved
server/internal/handler/daemon_test.go	1819	TestDaemonRegister_MergesLegacyDaemonIDRuntime_CaseDrift	testutil.Call	skipped	body_unresolved	body_unresolved
server/internal/handler/daemon_test.go	1898	TestDaemonRegister_MergesAllCaseDuplicateLegacyRuntimes	testutil.Call	skipped	body_unresolved	body_unresolved
server/internal/handler/daemon_test.go	1945	TestDaemonRegister_LegacyIDNoMatchIsNoop	testutil.Call	skipped	body_unresolved	body_unresolved
server/internal/handler/daemon_test.go	2009	TestStartTask_AutopilotRunOnlyTask_ResolvesWorkspace	direct_handler	skipped	request_var_unresolved	request argument 'req' is not traceable
server/internal/handler/daemon_test.go	2020	TestStartTask_AutopilotRunOnlyTask_ResolvesWorkspace	direct_handler	skipped	request_var_unresolved	request argument 'req' is not traceable
server/internal/handler/daemon_test.go	2079	TestClaimTask_ProjectGithubReposOverrideWorkspaceRepos	testutil.Call	skipped	value_unresolved	fixture needs values the runner cannot bind: $runtimeID
server/internal/handler/daemon_test.go	2145	TestClaimTask_ProjectDescriptionInjected	testutil.Call	skipped	value_unresolved	fixture needs values the runner cannot bind: $runtimeID
server/internal/handler/daemon_test.go	2234	TestClaimTask_ProjectWithoutRepos_FallsBackToWorkspaceRepos	testutil.Call	skipped	value_unresolved	fixture needs values the runner cannot bind: $runtimeID
server/internal/handler/daemon_test.go	2318	TestClaimTask_AutopilotRunOnly_PopulatesWorkspaceAndProjectContext	direct_handler	skipped	request_var_unresolved	request argument 'req' is not traceable
server/internal/handler/daemon_test.go	2439	TestClaimTaskByRuntime_TaskWorkspaceMismatch_CancelsAndRejects	direct_handler	skipped	request_var_unresolved	request argument 'req' is not traceable
server/internal/handler/daemon_test.go	2505	TestCompleteTask_CommentTriggered_SynthesizesCommentWhenAgentSilent	direct_handler	skipped	request_var_unresolved	request argument 'req' is not traceable
server/internal/handler/daemon_test.go	2590	TestCompleteTask_CommentTriggered_SkipsSynthesisWhenAgentAlreadyCommented	direct_handler	skipped	request_var_unresolved	request argument 'req' is not traceable
server/internal/handler/daemon_test.go	2638	TestCompleteTask_CommentTriggered_SuppressesTrivialDoneOutput	direct_handler	skipped	request_var_unresolved	request argument 'req' is not traceable
server/internal/handler/daemon_test.go	2683	TestCompleteTask_AssignmentTriggered_DoesNotSuppressTrivialDoneOutput	direct_handler	skipped	request_var_unresolved	request argument 'req' is not traceable
server/internal/handler/daemon_test.go	2755	?	direct_handler	helper_site	-	request built inside a test helper, asserted by its callers
server/internal/handler/daemon_test.go	2784	?	testutil.Call	helper_site	-	request built inside a test helper, asserted by its callers
server/internal/handler/daemon_test.go	3564	TestClaimTask_ChatPopulatesInitiator	testutil.Call	skipped	value_unresolved	fixture needs values the runner cannot bind: $runtimeID
server/internal/handler/daemon_test.go	3698	TestClaimTask_SourceContextQuickCreateChecksWorkspaceBeforeSnapshot	testutil.Call	skipped	value_unresolved	fixture needs values the runner cannot bind: $runtimeID
server/internal/handler/daemon_test.go	3815	TestGetChatSessionGCCheck	testutil.Call	extracted	-	1 fixture(s)
server/internal/handler/daemon_test.go	3821	TestGetChatSessionGCCheck	testutil.Call	extracted	-	1 fixture(s)
server/internal/handler/daemon_test.go	3840	TestGetChatSessionGCCheck	testutil.Call	extracted	-	1 fixture(s)
server/internal/handler/daemon_test.go	3876	TestGetAutopilotRunGCCheck	testutil.Call	skipped	value_unresolved	fixture needs values the runner cannot bind: $runID
server/internal/handler/daemon_test.go	3882	TestGetAutopilotRunGCCheck	testutil.Call	skipped	value_unresolved	fixture needs values the runner cannot bind: $runID
server/internal/handler/daemon_test.go	3931	TestGetTaskGCCheck	testutil.Call	extracted	-	1 fixture(s)
server/internal/handler/daemon_test.go	3937	TestGetTaskGCCheck	testutil.Call	extracted	-	1 fixture(s)
server/internal/handler/daemon_test.go	4080	TestMembershipCache_InvalidatedOnDeleteMember	testutil.Call	skipped	value_unresolved	fixture needs values the runner cannot bind: $targetMemberID
server/internal/handler/daemon_test.go	4105	TestMembershipCache_InvalidatedOnUpdateMember	testutil.Call	skipped	value_unresolved	fixture needs values the runner cannot bind: $targetMemberID
server/internal/handler/daemon_test.go	4129	TestMembershipCache_InvalidatedOnLeaveWorkspace	testutil.Call	skipped	value_unresolved	fixture needs values the runner cannot bind: $targetUserID
server/internal/handler/daemon_test.go	4169	TestMembershipCache_InvalidatedOnDeleteWorkspace	testutil.Call	extracted	-	1 fixture(s)
server/internal/handler/daemon_test.go	4217	?	testutil.Call	helper_site	-	request built inside a test helper, asserted by its callers
server/internal/handler/daemon_test.go	4350	TestClaimTaskByRuntime_CommentTaskPopulatesInitiator	testutil.Call	skipped	value_unresolved	fixture needs values the runner cannot bind: $runtimeID
server/internal/handler/daemon_test.go	4482	TestAckTaskCancelled	testutil.Call	extracted	-	1 fixture(s)
server/internal/handler/daemon_test.go	4495	TestAckTaskCancelled	testutil.Call	extracted	-	1 fixture(s)
server/internal/handler/daemon_test.go	4514	TestAckTaskCancelled	testutil.Call	extracted	-	1 fixture(s)
server/internal/handler/daemon_test.go	4581	TestIssueGCChecksReportWireStatusNotRawCustomStatus	testutil.Call	skipped	request_var_unresolved	request expression is not traceable
server/internal/handler/daemon_test.go	4618	TestIssueGCChecksReportWireStatusNotRawCustomStatus	testutil.Call	skipped	request_var_unresolved	request expression is not traceable
server/internal/handler/daemon_test.go	4669	TestBatchIssueGCCheckReadsCatalogOnceForManyCustomStatuses	testutil.Call	skipped	body_unresolved	body_unresolved
server/internal/handler/daemon_test.go	4712	TestBatchIssueGCCheckReadsNoCatalogForBuiltInStatuses	testutil.Call	skipped	body_unresolved	body_unresolved
server/internal/handler/daemon_test.go	4733	TestDaemonRegister_ProfileUsesStoredRuntimeIdentity	testutil.Call	skipped	body_unresolved	body_unresolved
server/internal/handler/daemon_ws_test.go	17	TestDaemonWebSocketMissingHubIsInternalError	direct_handler	extracted	-	1 fixture(s)
server/internal/handler/dashboard_test.go	251	TestDashboardEndpoints	direct_handler	extracted	-	1 fixture(s)
server/internal/handler/dashboard_test.go	271	TestDashboardEndpoints	direct_handler	skipped	value_unresolved	fixture needs values the runner cannot bind: $projectID
server/internal/handler/dashboard_test.go	297	TestDashboardEndpoints	direct_handler	skipped	value_unresolved	fixture needs values the runner cannot bind: $projectID
server/internal/handler/dashboard_test.go	317	TestDashboardEndpoints	direct_handler	skipped	value_unresolved	fixture needs values the runner cannot bind: $projectID
server/internal/handler/dashboard_test.go	342	TestDashboardEndpoints	direct_handler	extracted	-	1 fixture(s)
server/internal/handler/dashboard_test.go	352	TestDashboardEndpoints	direct_handler	extracted	-	1 fixture(s)
server/internal/handler/dashboard_test.go	473	TestDashboardUsageDailyBucketsByViewerTimezone	direct_handler	extracted	-	1 fixture(s)
server/internal/handler/dashboard_test.go	553	TestDashboardRunTimeDailyBucketsByViewerTimezone	direct_handler	extracted	-	1 fixture(s)
server/internal/handler/dashboard_test.go	658	?	direct_handler	helper_site	-	request built inside a test helper, asserted by its callers
server/internal/handler/dashboard_test.go	1386	TestDashboardUsageDailyCrossMidnightFullPipeline	direct_handler	extracted	-	1 fixture(s)
server/internal/handler/dashboard_test.go	1571	TestDashboardFailuresCountNeverStartedTasks	direct_handler	skipped	no_status_assertion	no `w.Code` comparison before line 1574
server/internal/handler/dashboard_test.go	1574	TestDashboardFailuresCountNeverStartedTasks	direct_handler	extracted	-	1 fixture(s)
server/internal/handler/dashboard_test.go	1671	TestDashboardFailuresByAgentUsesExactWindow	direct_handler	extracted	-	1 fixture(s)
server/internal/handler/dashboard_test.go	1682	TestDashboardFailuresByAgentUsesExactWindow	direct_handler	extracted	-	1 fixture(s)
server/internal/handler/dashboard_test.go	1801	TestDashboardPerAgentRollupsUseExactWindow	direct_handler	skipped	no_status_assertion	no `w.Code` comparison before line 1803
server/internal/handler/dashboard_test.go	1803	TestDashboardPerAgentRollupsUseExactWindow	direct_handler	skipped	path_not_literal	path_not_literal
server/internal/handler/dashboard_test.go	1897	?	direct_handler	helper_site	-	request built inside a test helper, asserted by its callers
server/internal/handler/delegated_failure_recovery_test.go	99	TestUpdateComment_RequeuesDelegatedFailureRecoverySurvivor	direct_handler	skipped	value_unresolved	fixture needs values the runner cannot bind: $humanCommentID
server/internal/handler/dingtalk_test.go	204	TestListDingTalkGroupsForAgent_FollowsAgentViewPermissionMatrix	direct_handler	skipped	no_status_assertion	no `w.Code` comparison before line 211
server/internal/handler/dingtalk_test.go	302	TestListDingTalkSettingsData_FollowsAgentViewPermissionMatrix	direct_handler	skipped	no_status_assertion	no `installRec.Code` comparison before line 308
server/internal/handler/dingtalk_test.go	308	TestListDingTalkSettingsData_FollowsAgentViewPermissionMatrix	direct_handler	skipped	no_status_assertion	no `groupRec.Code` comparison before line 346
server/internal/handler/dingtalk_test.go	416	TestListDingTalkGroupsInactivePaginationAuthorizesInstallationBeforeCursor	testutil.Call	skipped	request_var_unresolved	request expression is not traceable
server/internal/handler/dingtalk_test.go	434	TestListDingTalkGroupsInactivePaginationAuthorizesInstallationBeforeCursor	testutil.Call	skipped	request_var_unresolved	request expression is not traceable
server/internal/handler/dingtalk_test.go	457	TestListDingTalkGroupsInactivePaginationAuthorizesInstallationBeforeCursor	testutil.Call	skipped	request_var_unresolved	request expression is not traceable
server/internal/handler/dingtalk_test.go	459	TestListDingTalkGroupsInactivePaginationAuthorizesInstallationBeforeCursor	testutil.Call	skipped	request_var_unresolved	request expression is not traceable
server/internal/handler/dingtalk_test.go	475	TestListDingTalkGroupsInactivePaginationAuthorizesInstallationBeforeCursor	testutil.Call	skipped	request_var_unresolved	request expression is not traceable
server/internal/handler/dingtalk_test.go	477	TestListDingTalkGroupsInactivePaginationAuthorizesInstallationBeforeCursor	testutil.Call	skipped	request_var_unresolved	request expression is not traceable
server/internal/handler/dingtalk_test.go	505	TestListDingTalkInstallations_OrphanIsAdminOnlyAndMarkedUnavailable	direct_handler	skipped	request_var_unresolved	request argument 'req' is not traceable
server/internal/handler/dingtalk_test.go	548	TestRegisterDingTalkBYO_AuthorizesAgentOwnerAndAdmins	direct_handler	skipped	no_status_assertion	no `w.Code` comparison before line 573
server/internal/handler/dingtalk_test.go	642	TestForgetDingTalkGroup_AdminOnlyAndKeepsInstallation	direct_handler	extracted	-	1 fixture(s)
server/internal/handler/dingtalk_test.go	686	TestRevokeDingTalkInstallation_AuthorizesAgentOwnerAndAdmins	direct_handler	skipped	no_status_assertion	no `w.Code` comparison before line 708
server/internal/handler/dingtalk_test.go	737	TestRevokeDingTalkInstallation_OrphanCleanableByAdminNotMember	direct_handler	skipped	no_status_assertion	no `w.Code` comparison before line 758
server/internal/handler/dingtalk_test.go	847	TestRedeemDingTalkBindingTokenPublishesAccountBindingUpdateAfterCommit	direct_handler	skipped	body_unresolved	body_unresolved
server/internal/handler/dingtalk_test.go	942	TestListDingTalkGroupsAggregatesConnectedBots	direct_handler	skipped	request_var_unresolved	request argument 'req' is not traceable
server/internal/handler/dingtalk_test.go	975	TestListDingTalkGroupsAggregatesConnectedBots	direct_handler	skipped	request_var_unresolved	request argument 'inactiveReq' is not traceable
server/internal/handler/dingtalk_test.go	1025	TestListDingTalkGroupsReturnsInternalErrorOnDatabaseFailure	direct_handler	skipped	request_var_unresolved	request argument 'req' is not traceable
server/internal/handler/dingtalk_test.go	1033	TestListDingTalkGroupsReturnsInternalErrorOnDatabaseFailure	testutil.Call	skipped	request_var_unresolved	request expression is not traceable
server/internal/handler/feedback_test.go	19	TestCreateFeedbackHappyPath	direct_handler	skipped	body_unresolved	body_unresolved
server/internal/handler/feedback_test.go	49	TestCreateFeedbackStoresStructuredContext	direct_handler	skipped	body_unresolved	body_unresolved
server/internal/handler/feedback_test.go	105	TestCreateFeedbackRejectsMalformedContext	direct_handler	extracted	-	1 fixture(s)
server/internal/handler/feedback_test.go	125	TestCreateFeedbackRejectsUnknownContextKind	direct_handler	skipped	body_unresolved	body_unresolved
server/internal/handler/feedback_test.go	182	TestCreateFeedbackRejectsEmptyContextFields	direct_handler	skipped	request_var_unresolved	request argument 'req' is not traceable
server/internal/handler/feedback_test.go	194	TestCreateFeedbackEmptyMessage	direct_handler	skipped	body_unresolved	body_unresolved
server/internal/handler/feedback_test.go	208	TestCreateFeedbackRateLimit	direct_handler	skipped	request_var_unresolved	request argument 'req' is not traceable
server/internal/handler/feedback_test.go	215	TestCreateFeedbackRateLimit	direct_handler	skipped	body_unresolved	body_unresolved
server/internal/handler/file_test.go	251	TestUploadFileForeignWorkspace	direct_handler	skipped	body_unresolved	body_unresolved
server/internal/handler/file_test.go	286	TestUploadFileResolvesWorkspaceViaSlugHeader	direct_handler	skipped	body_unresolved	body_unresolved
server/internal/handler/file_test.go	353	TestUploadFileResolvesWorkspaceViaIDHeaderStill	direct_handler	skipped	body_unresolved	body_unresolved
server/internal/handler/file_test.go	399	TestUploadFile_AttachesToChatSession	direct_handler	skipped	body_unresolved	body_unresolved
server/internal/handler/file_test.go	464	TestUploadFile_RejectsForeignChatSession	direct_handler	skipped	ambiguous_status	`w.Code` comparisons in the same block: [400, 403, 404]
server/internal/handler/file_test.go	721	TestGetAttachmentByID_AutoPublicEndpointReturnsPresignedDownloadURL	direct_handler	skipped	request_var_unresolved	request argument 'req' is not traceable
server/internal/handler/file_test.go	799	TestGetAttachmentByID_CloudFrontModeSignsForcedAttachmentDownloadURL	direct_handler	skipped	request_var_unresolved	request argument 'req' is not traceable
server/internal/handler/file_test.go	857	TestDownloadAttachment_CloudFrontRedirectSignsAttachmentDisposition	direct_handler	skipped	no_status_assertion	no `w.Code` comparison before line 874
server/internal/handler/file_test.go	1042	TestDownloadAttachment_AutoInternalEndpointProxies	direct_handler	skipped	request_var_unresolved	request argument 'req' is not traceable
server/internal/handler/file_test.go	1088	TestDownloadAttachment_AutoPublicEndpointPresigns	direct_handler	skipped	no_status_assertion	no `w.Code` comparison before line 1111
server/internal/handler/file_test.go	1133	TestDownloadAttachment_ExplicitProxyStreamsPublicEndpoint	direct_handler	skipped	request_var_unresolved	request argument 'req' is not traceable
server/internal/handler/file_test.go	1198	?	direct_handler	helper_site	-	request built inside a test helper, asserted by its callers
server/internal/handler/file_test.go	1222	?	direct_handler	helper_site	-	request built inside a test helper, asserted by its callers
server/internal/handler/file_test.go	1239	?	direct_handler	helper_site	-	request built inside a test helper, asserted by its callers
server/internal/handler/file_test.go	1257	?	direct_handler	helper_site	-	request built inside a test helper, asserted by its callers
server/internal/handler/file_test.go	1270	?	direct_handler	helper_site	-	request built inside a test helper, asserted by its callers
server/internal/handler/file_test.go	1313	TestDownloadAttachment_NonSeekableRangeSkipFailureReturns502	direct_handler	skipped	no_status_assertion	no `w.Code` comparison before line 1324
server/internal/handler/file_test.go	1337	TestDownloadAttachment_NonSeekableMultiRangeServesFull200	direct_handler	skipped	request_var_unresolved	request argument 'req' is not traceable
server/internal/handler/file_test.go	1365	TestDownloadAttachment_SeekableMultiRangeServes206	direct_handler	skipped	no_status_assertion	no `w.Code` comparison before line 1373
server/internal/handler/file_test.go	1393	TestDownloadAttachment_NonSeekableEmptyObjectRangeServesFull200	direct_handler	skipped	request_var_unresolved	request argument 'req' is not traceable
server/internal/handler/file_test.go	1429	TestDownloadAttachment_NonSeekableEmptyObjectMalformedRangeReturns416	direct_handler	skipped	no_status_assertion	no `w.Code` comparison before line 1436
server/internal/handler/file_test.go	1538	TestGetAttachmentContent_HappyPath_Markdown	direct_handler	skipped	request_var_unresolved	request argument 'req' is not traceable
server/internal/handler/file_test.go	1570	TestGetAttachmentContent_AcceptsByExtensionWhenContentTypeIsGeneric	direct_handler	skipped	request_var_unresolved	request argument 'req' is not traceable
server/internal/handler/file_test.go	1585	TestGetAttachmentContent_Unsupported_PDF	direct_handler	skipped	no_status_assertion	no `w.Code` comparison before line 1589
server/internal/handler/file_test.go	1602	TestGetAttachmentContent_TooLarge	direct_handler	skipped	no_status_assertion	no `w.Code` comparison before line 1606
server/internal/handler/file_test.go	1619	TestGetAttachmentContent_ForeignWorkspace	direct_handler	skipped	request_var_unresolved	request argument 'req' is not traceable
server/internal/handler/file_test.go	1632	TestGetAttachmentContent_NotFound	direct_handler	skipped	request_var_unresolved	request argument 'req' is not traceable
server/internal/handler/file_test.go	1944	TestServeLocalUpload_RelaxesFrameAncestorsForPreview	direct_handler	skipped	path_not_registered	GET /uploads/workspaces/ws-1/preview.pdf is not in docs/fixtures/upstream-routes.tsv
server/internal/handler/file_test.go	1962	TestServeLocalUpload_NonLocalStorage404	direct_handler	skipped	path_not_registered	GET /uploads/workspaces/ws-1/x.png is not in docs/fixtures/upstream-routes.tsv
server/internal/handler/github_test.go	405	TestWebhook_MergedPR_AdvancesLinkedIssueToDone	testutil.Call	extracted	-	1 fixture(s)
server/internal/handler/github_test.go	460	TestWebhook_MergedPR_AdvancesLinkedIssueToDone	testutil.Call	skipped	body_unresolved	body_unresolved
server/internal/handler/github_test.go	508	TestWebhook_MergedPR_PreservesCancelled	testutil.Call	extracted	-	1 fixture(s)
server/internal/handler/github_test.go	548	TestWebhook_MergedPR_PreservesCancelled	testutil.Call	skipped	no_status_assertion	no .Want(...) in the call chain
server/internal/handler/github_test.go	617	TestWebhook_MergedPR_WaitsForOpenSibling	testutil.Call	extracted	-	1 fixture(s)
server/internal/handler/github_test.go	677	TestWebhook_MergedPR_WaitsForOpenSibling	testutil.Call	skipped	request_var_unresolved	request expression is not traceable
server/internal/handler/github_test.go	761	?	testutil.Call	helper_site	-	request built inside a test helper, asserted by its callers
server/internal/handler/github_test.go	784	TestWebhook_ClosedSiblingAfterMerge	testutil.Call	extracted	-	1 fixture(s)
server/internal/handler/github_test.go	848	TestWebhook_AllClosedWithoutMerge	testutil.Call	extracted	-	1 fixture(s)
server/internal/handler/github_test.go	920	?	testutil.Call	helper_site	-	request built inside a test helper, asserted by its callers
server/internal/handler/github_test.go	945	TestWebhook_MergedPR_OnlyClosesIdentifiersWithClosingKeyword	testutil.Call	skipped	no_status_assertion	no .Want(...) in the call chain
server/internal/handler/github_test.go	1049	TestWebhook_MergedPR_TitlePrefixDoesNotClose	testutil.Call	extracted	-	1 fixture(s)
server/internal/handler/github_test.go	1106	TestWebhook_MergedPR_BranchNameDoesNotClose	testutil.Call	extracted	-	1 fixture(s)
server/internal/handler/github_test.go	1204	?	testutil.Call	helper_site	-	request built inside a test helper, asserted by its callers
server/internal/handler/github_test.go	1222	TestWebhook_CloseKeywordRemovedBeforeMergeDoesNotClose	testutil.Call	extracted	-	1 fixture(s)
server/internal/handler/github_test.go	1267	TestWebhook_CloseKeywordRemovedBeforeMergeDoesNotClose	testutil.Call	extracted	-	1 fixture(s)
server/internal/handler/github_test.go	1323	TestWebhook_LinkOnlySiblingMergeAfterCloseKeywordPR	testutil.Call	extracted	-	1 fixture(s)
server/internal/handler/github_test.go	1399	TestWebhook_BareBodyMentionIsNotLinked	testutil.Call	extracted	-	1 fixture(s)
server/internal/handler/github_test.go	1479	TestWebhook_PostMergeClosingKeywordLinksThePR	testutil.Call	extracted	-	1 fixture(s)
server/internal/handler/github_test.go	1553	TestWebhook_UnlinkedBodyMentionDoesNotBlockAutoAdvance	testutil.Call	extracted	-	1 fixture(s)
server/internal/handler/github_test.go	1683	?	testutil.Call	helper_site	-	request built inside a test helper, asserted by its callers
server/internal/handler/github_test.go	1697	?	testutil.Call	helper_site	-	request built inside a test helper, asserted by its callers
server/internal/handler/github_test.go	1829	TestListGitHubInstallations_RoleGating	direct_handler	skipped	request_var_unresolved	request argument 'req' is not traceable
server/internal/handler/github_test.go	2121	TestWebhook_MergedPR_ChildWithParent_NotifiesParent	testutil.Call	skipped	body_unresolved	body_unresolved
server/internal/handler/github_test.go	2130	TestWebhook_MergedPR_ChildWithParent_NotifiesParent	testutil.Call	skipped	body_unresolved	body_unresolved
server/internal/handler/github_test.go	2184	TestWebhook_MergedPR_ChildWithParent_NotifiesParent	testutil.Call	skipped	body_unresolved	body_unresolved
server/internal/handler/github_test.go	2648	TestWebhook_InstallationCreatedRefreshesUnknownLogin	testutil.Call	skipped	body_unresolved	body_unresolved
server/internal/handler/github_test.go	2751	TestSetupCallback_ConsumesPendingInstallationCreated	direct_handler	skipped	body_unresolved	body_unresolved
server/internal/handler/github_test.go	2774	TestSetupCallback_ConsumesPendingInstallationCreated	direct_handler	skipped	no_status_assertion	no `setupRec.Code` comparison before line 2808
server/internal/handler/github_test.go	2825	TestWebhook_PullRequest_FansOutToBoundWorkspaces	direct_handler	extracted	-	1 fixture(s)
server/internal/handler/github_test.go	2923	TestWebhook_PullRequest_AmbiguousCloseAcrossWorkspaces	direct_handler	extracted	-	1 fixture(s)
server/internal/handler/github_test.go	3092	TestWebhook_PullRequest_UniqueResolverAmongBindingsStillAutoCompletes	direct_handler	extracted	-	1 fixture(s)
server/internal/handler/github_test.go	3152	TestWebhook_PullRequest_UnreadableWorkspaceWithholdsCloseIntent	direct_handler	extracted	-	1 fixture(s)
server/internal/handler/github_test.go	3370	TestWebhook_UninstallDeletesAllBindings	testutil.Call	skipped	body_unresolved	body_unresolved
server/internal/handler/handler_test.go	343	TestIssueCRUD	direct_handler	extracted	-	1 fixture(s)
server/internal/handler/handler_test.go	362	TestIssueCRUD	direct_handler	skipped	value_unresolved	fixture needs values the runner cannot bind: $created.ID
server/internal/handler/handler_test.go	380	TestIssueCRUD	direct_handler	skipped	body_unresolved	body_unresolved
server/internal/handler/handler_test.go	400	TestIssueCRUD	direct_handler	extracted	-	1 fixture(s)
server/internal/handler/handler_test.go	416	TestIssueCRUD	direct_handler	skipped	value_unresolved	fixture needs values the runner cannot bind: $created.ID
server/internal/handler/handler_test.go	425	TestIssueCRUD	direct_handler	skipped	value_unresolved	fixture needs values the runner cannot bind: $created.ID
server/internal/handler/handler_test.go	446	TestDeleteIssueByIdentifier	testutil.Call	extracted	-	1 fixture(s)
server/internal/handler/handler_test.go	467	TestDeleteIssueByIdentifier	testutil.Call	skipped	value_unresolved	fixture needs values the runner cannot bind: $created.Identifier
server/internal/handler/handler_test.go	503	TestGetIssueByIdentifierEnforcesPrefix	testutil.Call	extracted	-	1 fixture(s)
server/internal/handler/handler_test.go	518	TestGetIssueByIdentifierEnforcesPrefix	testutil.Call	skipped	no_status_assertion	no .Want(...) in the call chain
server/internal/handler/handler_test.go	533	TestGetIssueByIdentifierEnforcesPrefix	testutil.Call	skipped	no_status_assertion	no .Want(...) in the call chain
server/internal/handler/handler_test.go	545	TestDeleteIssueRejectsInvalidUUID	testutil.Call	skipped	no_status_assertion	no .Want(...) in the call chain
server/internal/handler/handler_test.go	561	TestCreateIssueDefaultStatusIsTodo	testutil.Call	extracted	-	1 fixture(s)
server/internal/handler/handler_test.go	572	TestCreateIssueDefaultStatusIsTodo	direct_handler	skipped	recorder_var_unresolved	recorder argument 'httptest.NewRecorder()' is not a plain variable
server/internal/handler/handler_test.go	582	TestCreateIssueExplicitBacklogPreserved	testutil.Call	extracted	-	1 fixture(s)
server/internal/handler/handler_test.go	593	TestCreateIssueExplicitBacklogPreserved	direct_handler	skipped	recorder_var_unresolved	recorder argument 'httptest.NewRecorder()' is not a plain variable
server/internal/handler/handler_test.go	621	TestCreateIssueRejectsCrossWorkspaceParent	testutil.Call	skipped	body_unresolved	body_unresolved
server/internal/handler/handler_test.go	657	TestCreateIssueRejectsCrossWorkspaceProject	testutil.Call	skipped	body_unresolved	body_unresolved
server/internal/handler/handler_test.go	681	TestCreateSubIssueInheritsParentProject	direct_handler	skipped	recorder_var_unresolved	recorder argument 'httptest.NewRecorder()' is not a plain variable
server/internal/handler/handler_test.go	686	TestCreateSubIssueInheritsParentProject	direct_handler	skipped	recorder_var_unresolved	recorder argument 'httptest.NewRecorder()' is not a plain variable
server/internal/handler/handler_test.go	693	TestCreateSubIssueInheritsParentProject	testutil.Call	extracted	-	1 fixture(s)
server/internal/handler/handler_test.go	702	TestCreateSubIssueInheritsParentProject	testutil.Call	skipped	body_unresolved	body_unresolved
server/internal/handler/handler_test.go	714	TestCreateSubIssueInheritsParentProject	testutil.Call	skipped	body_unresolved	body_unresolved
server/internal/handler/handler_test.go	736	TestCreateSubIssueUsesExplicitProjectOverParentProject	direct_handler	skipped	recorder_var_unresolved	recorder argument 'httptest.NewRecorder()' is not a plain variable
server/internal/handler/handler_test.go	744	TestCreateSubIssueUsesExplicitProjectOverParentProject	direct_handler	skipped	recorder_var_unresolved	recorder argument 'httptest.NewRecorder()' is not a plain variable
server/internal/handler/handler_test.go	751	TestCreateSubIssueUsesExplicitProjectOverParentProject	testutil.Call	extracted	-	1 fixture(s)
server/internal/handler/handler_test.go	759	TestCreateSubIssueUsesExplicitProjectOverParentProject	testutil.Call	extracted	-	1 fixture(s)
server/internal/handler/handler_test.go	768	TestCreateSubIssueUsesExplicitProjectOverParentProject	testutil.Call	skipped	body_unresolved	body_unresolved
server/internal/handler/handler_test.go	781	TestCreateSubIssueUsesExplicitProjectOverParentProject	testutil.Call	skipped	body_unresolved	body_unresolved
server/internal/handler/handler_test.go	818	TestCreateIssueRejectsActiveDuplicate	testutil.Call	skipped	body_unresolved	body_unresolved
server/internal/handler/handler_test.go	830	TestCreateIssueRejectsActiveDuplicate	testutil.Call	skipped	body_unresolved	body_unresolved
server/internal/handler/handler_test.go	840	TestCreateIssueRejectsActiveDuplicate	testutil.Call	skipped	body_unresolved	body_unresolved
server/internal/handler/handler_test.go	863	TestCreateIssueRejectsActiveDuplicate	testutil.Call	skipped	body_unresolved	body_unresolved
server/internal/handler/handler_test.go	876	TestCreateIssueRejectsActiveDuplicate	testutil.Call	skipped	body_unresolved	body_unresolved
server/internal/handler/handler_test.go	899	TestCreateIssueAllowsDuplicateAfterCancelled	testutil.Call	skipped	body_unresolved	body_unresolved
server/internal/handler/handler_test.go	907	TestCreateIssueAllowsDuplicateAfterCancelled	testutil.Call	skipped	body_unresolved	body_unresolved
server/internal/handler/handler_test.go	932	TestCreateIssueAllowsDuplicateAfterDone	testutil.Call	skipped	body_unresolved	body_unresolved
server/internal/handler/handler_test.go	940	TestCreateIssueAllowsDuplicateAfterDone	testutil.Call	skipped	body_unresolved	body_unresolved
server/internal/handler/handler_test.go	967	TestTriggerAutopilotAllowsActiveDuplicateIssue	testutil.Call	skipped	body_unresolved	body_unresolved
server/internal/handler/handler_test.go	977	TestTriggerAutopilotAllowsActiveDuplicateIssue	testutil.Call	skipped	body_unresolved	body_unresolved
server/internal/handler/handler_test.go	984	TestTriggerAutopilotAllowsActiveDuplicateIssue	testutil.Call	skipped	value_unresolved	fixture needs values the runner cannot bind: $autopilot.ID
server/internal/handler/handler_test.go	1025	TestScheduledAutopilotAllowsActiveDuplicateIssue	testutil.Call	skipped	body_unresolved	body_unresolved
server/internal/handler/handler_test.go	1035	TestScheduledAutopilotAllowsActiveDuplicateIssue	testutil.Call	skipped	body_unresolved	body_unresolved
server/internal/handler/handler_test.go	1041	TestScheduledAutopilotAllowsActiveDuplicateIssue	direct_handler	skipped	no_status_assertion	no `ctx.Code` comparison before line 1078
server/internal/handler/handler_test.go	1107	TestAutopilotCreatedIssueCreatorIsAssigneeAgent	testutil.Call	skipped	body_unresolved	body_unresolved
server/internal/handler/handler_test.go	1124	TestAutopilotCreatedIssueCreatorIsAssigneeAgent	direct_handler	skipped	no_status_assertion	no `ctx.Code` comparison before line 1162
server/internal/handler/handler_test.go	1196	TestAutopilotCreateIssueAssociatesConfiguredProject	testutil.Call	skipped	body_unresolved	body_unresolved
server/internal/handler/handler_test.go	1205	TestAutopilotCreateIssueAssociatesConfiguredProject	direct_handler	skipped	no_status_assertion	no `ctx.Code` comparison before line 1227
server/internal/handler/handler_test.go	1269	TestAutopilotDispatchUsesCurrentProjectBinding	testutil.Call	skipped	body_unresolved	body_unresolved
server/internal/handler/handler_test.go	1275	TestAutopilotDispatchUsesCurrentProjectBinding	direct_handler	skipped	no_status_assertion	no `ctx.Code` comparison before line 1284
server/internal/handler/handler_test.go	1284	TestAutopilotDispatchUsesCurrentProjectBinding	testutil.Call	skipped	body_unresolved	body_unresolved
server/internal/handler/handler_test.go	1332	TestUpdateAutopilotCanSetAndClearProject	testutil.Call	skipped	body_unresolved	body_unresolved
server/internal/handler/handler_test.go	1344	TestUpdateAutopilotCanSetAndClearProject	testutil.Call	skipped	body_unresolved	body_unresolved
server/internal/handler/handler_test.go	1355	TestUpdateAutopilotCanSetAndClearProject	testutil.Call	skipped	value_unresolved	fixture needs values the runner cannot bind: $created.ID
server/internal/handler/handler_test.go	1372	TestCreateIssueRejectsNonexistentMemberAssignee	testutil.Call	extracted	-	1 fixture(s)
server/internal/handler/handler_test.go	1384	TestCreateIssueRejectsNonexistentAgentAssignee	testutil.Call	extracted	-	1 fixture(s)
server/internal/handler/handler_test.go	1395	TestCreateIssueRejectsAssigneeTypeWithoutID	testutil.Call	extracted	-	1 fixture(s)
server/internal/handler/handler_test.go	1404	TestCreateIssueRejectsAssigneeIDWithoutType	testutil.Call	skipped	body_unresolved	body_unresolved
server/internal/handler/handler_test.go	1415	TestCreateIssueRejectsUnknownAssigneeType	testutil.Call	skipped	body_unresolved	body_unresolved
server/internal/handler/handler_test.go	1426	TestCreateIssueAcceptsValidMemberAssignee	testutil.Call	skipped	body_unresolved	body_unresolved
server/internal/handler/handler_test.go	1432	TestCreateIssueAcceptsValidMemberAssignee	direct_handler	skipped	recorder_var_unresolved	recorder argument 'httptest.NewRecorder()' is not a plain variable
server/internal/handler/handler_test.go	1443	TestCreateIssueRejectsMalformedAssigneeID	testutil.Call	extracted	-	1 fixture(s)
server/internal/handler/handler_test.go	1454	TestCreateIssueRejectsMalformedAttachmentIDBeforeWrite	testutil.Call	extracted	-	1 fixture(s)
server/internal/handler/handler_test.go	1470	TestUpdateIssueRejectsMalformedAssigneeID	testutil.Call	extracted	-	1 fixture(s)
server/internal/handler/handler_test.go	1476	TestUpdateIssueRejectsMalformedAssigneeID	direct_handler	skipped	recorder_var_unresolved	recorder argument 'httptest.NewRecorder()' is not a plain variable
server/internal/handler/handler_test.go	1483	TestUpdateIssueRejectsMalformedAssigneeID	testutil.Call	skipped	value_unresolved	fixture needs values the runner cannot bind: $created.ID
server/internal/handler/handler_test.go	1492	TestUpdateIssueRejectsNonexistentMemberAssignee	testutil.Call	extracted	-	1 fixture(s)
server/internal/handler/handler_test.go	1498	TestUpdateIssueRejectsNonexistentMemberAssignee	direct_handler	skipped	recorder_var_unresolved	recorder argument 'httptest.NewRecorder()' is not a plain variable
server/internal/handler/handler_test.go	1506	TestUpdateIssueRejectsNonexistentMemberAssignee	testutil.Call	skipped	value_unresolved	fixture needs values the runner cannot bind: $created.ID
server/internal/handler/handler_test.go	1518	TestUpdateIssueAllowsExplicitUnassign	testutil.Call	skipped	body_unresolved	body_unresolved
server/internal/handler/handler_test.go	1524	TestUpdateIssueAllowsExplicitUnassign	direct_handler	skipped	recorder_var_unresolved	recorder argument 'httptest.NewRecorder()' is not a plain variable
server/internal/handler/handler_test.go	1532	TestUpdateIssueAllowsExplicitUnassign	testutil.Call	skipped	value_unresolved	fixture needs values the runner cannot bind: $created.ID
server/internal/handler/handler_test.go	1545	TestCommentCRUD	testutil.Call	skipped	no_status_assertion	no .Want(...) in the call chain
server/internal/handler/handler_test.go	1555	TestCommentCRUD	testutil.Call	skipped	value_unresolved	fixture needs values the runner cannot bind: $issue.ID
server/internal/handler/handler_test.go	1560	TestCommentCRUD	testutil.Call	skipped	value_unresolved	fixture needs values the runner cannot bind: $issue.ID
server/internal/handler/handler_test.go	1574	TestCommentCRUD	testutil.Call	skipped	no_status_assertion	no .Want(...) in the call chain
server/internal/handler/handler_test.go	1606	TestCommentWritePathsPreserveIssueIdentifiers	testutil.Call	skipped	no_status_assertion	no .Want(...) in the call chain
server/internal/handler/handler_test.go	1626	TestCommentWritePathsPreserveIssueIdentifiers	testutil.Call	skipped	body_unresolved	body_unresolved
server/internal/handler/handler_test.go	1639	TestCreateCommentRejectsMalformedParentID	testutil.Call	extracted	-	1 fixture(s)
server/internal/handler/handler_test.go	1648	TestCreateCommentRejectsMalformedParentID	testutil.Call	skipped	value_unresolved	fixture needs values the runner cannot bind: $issue.ID
server/internal/handler/handler_test.go	1652	TestCreateCommentRejectsMalformedParentID	testutil.Call	skipped	no_status_assertion	no .Want(...) in the call chain
server/internal/handler/handler_test.go	1658	TestGetChatSessionRejectsMalformedSessionID	testutil.Call	extracted	-	1 fixture(s)
server/internal/handler/handler_test.go	1667	TestCreateAutopilotRejectsMalformedAssigneeID	testutil.Call	extracted	-	1 fixture(s)
server/internal/handler/handler_test.go	1675	TestUpdateAutopilotRejectsMalformedID	testutil.Call	extracted	-	1 fixture(s)
server/internal/handler/handler_test.go	1683	TestUpdateAgentRejectsMalformedAgentID	testutil.Call	extracted	-	1 fixture(s)
server/internal/handler/handler_test.go	1691	TestCreateAgentRejectsMalformedRuntimeID	testutil.Call	extracted	-	1 fixture(s)
server/internal/handler/handler_test.go	1701	TestUpdateAgentRejectsMalformedRuntimeID	testutil.Call	extracted	-	1 fixture(s)
server/internal/handler/handler_test.go	1709	TestCreatePinRejectsMalformedItemID	testutil.Call	extracted	-	1 fixture(s)
server/internal/handler/handler_test.go	1717	TestUpdateWorkspaceRejectsMalformedID	testutil.Call	extracted	-	1 fixture(s)
server/internal/handler/handler_test.go	1725	TestUpdateMemberRejectsMalformedMemberID	testutil.Call	extracted	-	1 fixture(s)
server/internal/handler/handler_test.go	1731	TestRevokeInvitationRejectsMalformedInvitationID	testutil.Call	extracted	-	1 fixture(s)
server/internal/handler/handler_test.go	1737	TestGetMyInvitationRejectsMalformedID	testutil.Call	extracted	-	1 fixture(s)
server/internal/handler/handler_test.go	1745	TestAddReactionRejectsMalformedCommentID	testutil.Call	extracted	-	1 fixture(s)
server/internal/handler/handler_test.go	1753	TestUpdateCommentRejectsMalformedCommentID	testutil.Call	extracted	-	1 fixture(s)
server/internal/handler/handler_test.go	1759	TestMarkInboxReadRejectsMalformedItemID	testutil.Call	extracted	-	1 fixture(s)
server/internal/handler/handler_test.go	1765	TestRevokePersonalAccessTokenRejectsMalformedID	testutil.Call	extracted	-	1 fixture(s)
server/internal/handler/handler_test.go	1802	TestDaemonDeregisterRejectsMalformedRuntimeID	testutil.Call	extracted	-	1 fixture(s)
server/internal/handler/handler_test.go	1808	TestGetIssueGCCheckRejectsMalformedIssueID	testutil.Call	extracted	-	1 fixture(s)
server/internal/handler/handler_test.go	1834	TestBatchIssueGCCheckRejectsInvalidRequests	testutil.Call	skipped	request_var_unresolved	request expression is not traceable
server/internal/handler/handler_test.go	1846	TestSetAgentSkillsRejectsMalformedSkillID	testutil.Call	extracted	-	1 fixture(s)
server/internal/handler/handler_test.go	1863	TestAddAgentSkillsPreservesExistingAssignments	testutil.Call	skipped	body_unresolved	body_unresolved
server/internal/handler/handler_test.go	1881	TestAddAgentSkillsAddsMultipleAndIsIdempotent	testutil.Call	skipped	no_status_assertion	no .Want(...) in the call chain
server/internal/handler/handler_test.go	1897	TestAddAgentSkillsRejectsMalformedSkillID	testutil.Call	extracted	-	1 fixture(s)
server/internal/handler/handler_test.go	1908	TestAddAgentSkillsRejectsCrossWorkspaceSkillID	testutil.Call	skipped	body_unresolved	body_unresolved
server/internal/handler/handler_test.go	1962	TestAgentCRUD	testutil.Call	extracted	-	1 fixture(s)
server/internal/handler/handler_test.go	1976	TestAgentCRUD	testutil.Call	extracted	-	1 fixture(s)
server/internal/handler/handler_test.go	1995	TestUpdateAgentMcpConfigAbsentPreservesValue	testutil.Call	extracted	-	1 fixture(s)
server/internal/handler/handler_test.go	2010	TestUpdateAgentMcpConfigNullClearsValue	testutil.Call	extracted	-	1 fixture(s)
server/internal/handler/handler_test.go	2027	TestUpdateAgentMcpConfigObjectUpdatesValue	testutil.Call	extracted	-	1 fixture(s)
server/internal/handler/handler_test.go	2050	TestUpdateAgentMcpConfigPreservesBoundaryEmptyArguments	testutil.Call	extracted	-	1 fixture(s)
server/internal/handler/handler_test.go	2066	TestCreateAgentMcpConfigNullStoresSQLNull	testutil.Call	skipped	body_unresolved	body_unresolved
server/internal/handler/handler_test.go	2082	TestWorkspaceCRUD	testutil.Call	extracted	-	1 fixture(s)
server/internal/handler/handler_test.go	2094	TestWorkspaceCRUD	testutil.Call	extracted	-	1 fixture(s)
server/internal/handler/handler_test.go	2109	TestCreateWorkspaceUsesRequestedSlug	testutil.Call	skipped	body_unresolved	body_unresolved
server/internal/handler/handler_test.go	2130	TestCreateWorkspaceSlugConflictReturnsConflict	testutil.Call	skipped	body_unresolved	body_unresolved
server/internal/handler/handler_test.go	2144	TestCreateWorkspaceInvalidSlugReturnsBadRequest	testutil.Call	extracted	-	1 fixture(s)
server/internal/handler/handler_test.go	2154	TestSendCode	direct_handler	extracted	-	1 fixture(s)
server/internal/handler/handler_test.go	2188	TestSendCodeDbError	direct_handler	skipped	request_var_unresolved	request argument 'req' is not traceable
server/internal/handler/handler_test.go	2216	TestSendCodeRateLimit	direct_handler	skipped	body_unresolved	body_unresolved
server/internal/handler/handler_test.go	2227	TestSendCodeRateLimit	direct_handler	skipped	body_unresolved	body_unresolved
server/internal/handler/handler_test.go	2257	TestVerifyCode	direct_handler	skipped	body_unresolved	body_unresolved
server/internal/handler/handler_test.go	2274	TestVerifyCode	direct_handler	skipped	body_unresolved	body_unresolved
server/internal/handler/handler_test.go	2319	TestVerifyCodeRejectsDevCodeUnlessExplicitlyConfigured	direct_handler	skipped	body_unresolved	body_unresolved
server/internal/handler/handler_test.go	2344	TestVerifyCodeAcceptsConfiguredDevCodeOutsideProduction	direct_handler	skipped	body_unresolved	body_unresolved
server/internal/handler/handler_test.go	2368	TestVerifyCodeRejectsConfiguredDevCodeInProduction	direct_handler	skipped	body_unresolved	body_unresolved
server/internal/handler/handler_test.go	2390	TestVerifyCodeWrongCode	direct_handler	skipped	no_status_assertion	no `w.Code` comparison before line 2398
server/internal/handler/handler_test.go	2398	TestVerifyCodeWrongCode	direct_handler	skipped	body_unresolved	body_unresolved
server/internal/handler/handler_test.go	2420	TestVerifyCodeBruteForceProtection	direct_handler	skipped	body_unresolved	body_unresolved
server/internal/handler/handler_test.go	2438	TestVerifyCodeBruteForceProtection	direct_handler	skipped	body_unresolved	body_unresolved
server/internal/handler/handler_test.go	2450	TestVerifyCodeBruteForceProtection	direct_handler	skipped	body_unresolved	body_unresolved
server/internal/handler/handler_test.go	2471	TestVerifyCodeNewUserHasNoWorkspace	direct_handler	skipped	no_status_assertion	no `w.Code` comparison before line 2485
server/internal/handler/handler_test.go	2485	TestVerifyCodeNewUserHasNoWorkspace	direct_handler	skipped	body_unresolved	body_unresolved
server/internal/handler/handler_test.go	2640	TestBacklogNoTriggerOnCreate	testutil.Call	skipped	body_unresolved	body_unresolved
server/internal/handler/handler_test.go	2660	TestBacklogNoTriggerOnCreate	direct_handler	skipped	recorder_var_unresolved	recorder argument 'httptest.NewRecorder()' is not a plain variable
server/internal/handler/handler_test.go	2685	TestBacklogToTodoTriggersAgent	testutil.Call	skipped	body_unresolved	body_unresolved
server/internal/handler/handler_test.go	2695	TestBacklogToTodoTriggersAgent	testutil.Call	skipped	value_unresolved	fixture needs values the runner cannot bind: $created.ID
server/internal/handler/handler_test.go	2714	TestBacklogToTodoTriggersAgent	direct_handler	skipped	recorder_var_unresolved	recorder argument 'httptest.NewRecorder()' is not a plain variable
server/internal/handler/handler_test.go	2742	TestBacklogToTodoByAgentTriggersDifferentAssignee	testutil.Call	skipped	body_unresolved	body_unresolved
server/internal/handler/handler_test.go	2756	TestBacklogToTodoByAgentTriggersDifferentAssignee	testutil.Call	skipped	value_unresolved	fixture needs values the runner cannot bind: $created.ID, $parentAgent, $parentTask
server/internal/handler/handler_test.go	2793	TestBacklogToTodoByAgentSameIssueDoesNotSelfTrigger	testutil.Call	skipped	body_unresolved	body_unresolved
server/internal/handler/handler_test.go	2808	TestBacklogToTodoByAgentSameIssueDoesNotSelfTrigger	testutil.Call	skipped	value_unresolved	fixture needs values the runner cannot bind: $created.ID, $selfAgent, $selfTask
server/internal/handler/handler_test.go	2841	TestBacklogToTodoByAgentSameAgentDifferentIssue	testutil.Call	skipped	body_unresolved	body_unresolved
server/internal/handler/handler_test.go	2856	TestBacklogToTodoByAgentSameAgentDifferentIssue	testutil.Call	skipped	body_unresolved	body_unresolved
server/internal/handler/handler_test.go	2871	TestBacklogToTodoByAgentSameAgentDifferentIssue	testutil.Call	skipped	value_unresolved	fixture needs values the runner cannot bind: $step1Task, $step2.ID
server/internal/handler/handler_test.go	2903	TestAssignIssueToSelfWithActiveTargetRunDoesNotDuplicate	testutil.Call	skipped	body_unresolved	body_unresolved
server/internal/handler/handler_test.go	2916	TestAssignIssueToSelfWithActiveTargetRunDoesNotDuplicate	testutil.Call	skipped	body_unresolved	body_unresolved
server/internal/handler/handler_test.go	2963	TestAssignDifferentIssueToSelfStillEnqueues	testutil.Call	skipped	body_unresolved	body_unresolved
server/internal/handler/handler_test.go	2991	TestBatchAssignFreshIssuesToSelfEnqueuesEach	testutil.Call	skipped	body_unresolved	body_unresolved
server/internal/handler/handler_test.go	3017	TestAssignActiveIssueToDifferentAgentStillEnqueues	testutil.Call	skipped	body_unresolved	body_unresolved
server/internal/handler/handler_test.go	3047	TestBatchBacklogToTodoByAgentTriggersAssignee	testutil.Call	skipped	body_unresolved	body_unresolved
server/internal/handler/handler_test.go	3062	TestBatchBacklogToTodoByAgentTriggersAssignee	testutil.Call	skipped	body_unresolved	body_unresolved
server/internal/handler/handler_test.go	3098	TestBacklogToTodoByAgentTriggersSquadLeader	testutil.Call	skipped	body_unresolved	body_unresolved
server/internal/handler/handler_test.go	3112	TestBacklogToTodoByAgentTriggersSquadLeader	testutil.Call	skipped	value_unresolved	fixture needs values the runner cannot bind: $created.ID, $driverAgent, $driverTask
server/internal/handler/handler_test.go	3133	TestDaemonRegisterMissingWorkspaceReturns404	testutil.Call	skipped	body_unresolved	body_unresolved
server/internal/handler/handler_test.go	3158	TestRootMentionOwnerRoutesMemberReplyButNotAgentReply	direct_handler	extracted	-	1 fixture(s)
server/internal/handler/handler_test.go	3203	TestRootMentionOwnerRoutesMemberReplyButNotAgentReply	direct_handler	skipped	request_var_unresolved	request argument 'r' is not traceable
server/internal/handler/handler_test.go	3277	TestMemberReplyToAgentRootDoesNotInheritParentMentions	testutil.Call	extracted	-	1 fixture(s)
server/internal/handler/handler_test.go	3311	TestMemberReplyToAgentRootDoesNotInheritParentMentions	testutil.Call	skipped	body_unresolved	body_unresolved
server/internal/handler/handler_test.go	3334	TestMemberReplyToAgentRootDoesNotInheritParentMentions	testutil.Call	skipped	body_unresolved	body_unresolved
server/internal/handler/handler_test.go	3388	TestNestedMemberReplyUsesDirectParentForMentionInheritance	testutil.Call	skipped	request_var_unresolved	request expression is not traceable
server/internal/handler/handler_test.go	3469	TestNestedMemberReplyUnderMemberSkipsAssigneeFallback	testutil.Call	skipped	request_var_unresolved	request expression is not traceable
server/internal/handler/handler_test.go	3514	TestAgentExplicitMentionStillTriggers	testutil.Call	extracted	-	1 fixture(s)
server/internal/handler/handler_test.go	3550	TestAgentExplicitMentionStillTriggers	testutil.Call	skipped	body_unresolved	body_unresolved
server/internal/handler/handler_test.go	3574	TestCreateSkillSkipsSkillMdFile	direct_handler	skipped	body_unresolved	body_unresolved
server/internal/handler/handler_test.go	3635	TestUpdateSkillSkipsSkillMdFile	direct_handler	skipped	body_unresolved	body_unresolved
server/internal/handler/handler_test.go	3657	TestUpdateSkillSkipsSkillMdFile	direct_handler	skipped	body_unresolved	body_unresolved
server/internal/handler/handler_test.go	3718	TestUpsertSkillFileRejectsSkillMd	direct_handler	skipped	body_unresolved	body_unresolved
server/internal/handler/handler_test.go	3735	TestUpsertSkillFileRejectsSkillMd	direct_handler	skipped	body_unresolved	body_unresolved
server/internal/handler/inbox_archive_test.go	35	TestArchivedInboxPageBeyond200	testutil.Call	skipped	request_var_unresolved	request expression is not traceable
server/internal/handler/inbox_archive_test.go	61	TestArchivedInboxPageBeyond200	testutil.Call	skipped	request_var_unresolved	request expression is not traceable
server/internal/handler/inbox_archive_test.go	66	TestArchivedInboxPageBeyond200	testutil.Call	skipped	request_var_unresolved	request expression is not traceable
server/internal/handler/inbox_archive_test.go	93	TestArchivedInboxFiltersAndLookupUseLatestGroup	testutil.Call	skipped	request_var_unresolved	request expression is not traceable
server/internal/handler/inbox_archive_test.go	113	TestArchivedInboxFiltersAndLookupUseLatestGroup	testutil.Call	skipped	request_var_unresolved	request expression is not traceable
server/internal/handler/inbox_archive_test.go	125	TestArchivedInboxFiltersAndLookupUseLatestGroup	testutil.Call	skipped	request_var_unresolved	request expression is not traceable
server/internal/handler/inbox_archive_test.go	133	TestArchivedInboxFiltersAndLookupUseLatestGroup	testutil.Call	skipped	request_var_unresolved	request expression is not traceable
server/internal/handler/inbox_archive_test.go	144	TestArchivedInboxFiltersAndLookupUseLatestGroup	testutil.Call	skipped	request_var_unresolved	request expression is not traceable
server/internal/handler/inbox_test.go	47	TestListInboxProjectsCurrentIssueStatusAndPriority	testutil.Call	skipped	no_status_assertion	no .Want(...) in the call chain
server/internal/handler/inbox_test.go	94	TestListArchivedInboxLimitsIssueGroupsNotRows	testutil.Call	skipped	no_status_assertion	no .Want(...) in the call chain
server/internal/handler/inbox_test.go	146	TestArchiveAllReadInboxUsesNewestIssueRow	testutil.Call	skipped	no_status_assertion	no .Want(...) in the call chain
server/internal/handler/inbox_test.go	193	TestArchiveCompletedInboxExpandsCustomTerminalStatuses	testutil.Call	skipped	no_status_assertion	no .Want(...) in the call chain
server/internal/handler/inbox_test.go	315	TestInboxListsShipCommentPreviewNotFullComment	testutil.Call	skipped	no_status_assertion	no .Want(...) in the call chain
server/internal/handler/inbox_test.go	334	TestInboxListsShipCommentPreviewNotFullComment	testutil.Call	skipped	no_status_assertion	no .Want(...) in the call chain
server/internal/handler/integrations_composio_test.go	184	TestComposio_ForbiddenWhenFlagDisabled	direct_handler	skipped	body_unresolved	body_unresolved
server/internal/handler/integrations_composio_test.go	199	TestComposio_ConnectInit	direct_handler	skipped	body_unresolved	body_unresolved
server/internal/handler/integrations_composio_test.go	213	TestComposio_ConnectInit	direct_handler	skipped	body_unresolved	body_unresolved
server/internal/handler/integrations_composio_test.go	220	TestComposio_ConnectInit	direct_handler	skipped	body_unresolved	body_unresolved
server/internal/handler/integrations_composio_test.go	230	TestComposio_ListToolkits	direct_handler	skipped	body_unresolved	body_unresolved
server/internal/handler/integrations_composio_test.go	265	TestComposio_ListToolkits_ResolverErrorIs502	direct_handler	skipped	no_status_assertion	no `w.Code` comparison before line 269
server/internal/handler/integrations_composio_test.go	279	TestComposio_CallbackRedirects	direct_handler	skipped	no_status_assertion	no `bw.Code` comparison before line 286
server/internal/handler/integrations_composio_test.go	286	TestComposio_CallbackRedirects	direct_handler	skipped	no_status_assertion	no `w.Code` comparison before line 296
server/internal/handler/integrations_composio_test.go	296	TestComposio_CallbackRedirects	direct_handler	skipped	no_status_assertion	no `w.Code` comparison before line 303
server/internal/handler/integrations_composio_test.go	319	TestComposio_ListAndDelete	direct_handler	skipped	ambiguous_status	`w.Code` comparisons in the same block: [200, 204, 404]
server/internal/handler/invitation_test.go	175	TestCreateInvitation_BlocksWhilePending	direct_handler	skipped	body_unresolved	body_unresolved
server/internal/handler/invitation_test.go	186	TestCreateInvitation_BlocksWhilePending	direct_handler	skipped	body_unresolved	body_unresolved
server/internal/handler/invitation_test.go	219	TestCreateInvitation_BlocksWhenPurchasedCapacityIsFull	direct_handler	skipped	body_unresolved	body_unresolved
server/internal/handler/invitation_test.go	282	TestCreateInvitation_BlocksOvercommittedCapacityWithoutOfferingSingleSeatSemantics	direct_handler	skipped	body_unresolved	body_unresolved
server/internal/handler/invitation_test.go	331	TestCreateInvitation_MapsCloudCapacityRateLimitWithoutConsumingInvitationBudget	direct_handler	skipped	body_unresolved	body_unresolved
server/internal/handler/invitation_test.go	383	TestCreateInvitation_CompensatesCapacityWhenCommitRollsBack	direct_handler	skipped	body_unresolved	body_unresolved
server/internal/handler/invitation_test.go	428	TestCreateInvitation_AllowsAfterExpiry	direct_handler	skipped	body_unresolved	body_unresolved
server/internal/handler/invitation_test.go	482	TestCreateInvitation_RateLimitChecksEveryGateBeforeCapacityReservation	direct_handler	skipped	body_unresolved	body_unresolved
server/internal/handler/invitation_test.go	570	TestCreateInvitation_RateLimiterFailureReturnsServiceUnavailable	direct_handler	skipped	no_status_assertion	no `rec.Code` comparison before line 615
server/internal/handler/invitation_test.go	795	TestAcceptInvitation_AlreadyAcceptedIsIdempotentForExistingMember	testutil.Call	skipped	value_unresolved	fixture needs values the runner cannot bind: $invitationID, $userID
server/internal/handler/invitation_test.go	822	TestAcceptInvitation_AlreadyAcceptedWithoutMembershipStillFails	testutil.Call	skipped	value_unresolved	fixture needs values the runner cannot bind: $invitationID, $userID
server/internal/handler/invitation_test.go	848	TestDeclineInvitation_AlreadyAcceptedIsNoOp	testutil.Call	skipped	value_unresolved	fixture needs values the runner cannot bind: $invitationID, $userID
server/internal/handler/issue_agent_create_e2e_test.go	100	TestAgentCreateOriginator_E2E_CreateAssignSquad_PrivateWorkerTriggered	direct_handler	skipped	body_unresolved	body_unresolved
server/internal/handler/issue_agent_create_e2e_test.go	149	TestAgentCreateOriginator_E2E_CreateAssignSquad_PrivateWorkerTriggered	direct_handler	skipped	body_unresolved	body_unresolved
server/internal/handler/issue_agent_create_e2e_test.go	219	TestAgentCreateOriginator_E2E_UpdateAssignSquad_HandlerGateAdmitsPrivateLeader	direct_handler	skipped	value_unresolved	fixture needs values the runner cannot bind: $creatorAID, $creatorTaskID
server/internal/handler/issue_agent_create_e2e_test.go	242	TestAgentCreateOriginator_E2E_UpdateAssignSquad_HandlerGateAdmitsPrivateLeader	direct_handler	skipped	body_unresolved	body_unresolved
server/internal/handler/issue_agent_create_origin_test.go	51	TestCreateIssue_AgentCreate_StampsActingTaskOrigin	direct_handler	extracted	-	1 fixture(s)
server/internal/handler/issue_agent_create_origin_test.go	61	TestCreateIssue_AgentCreate_StampsActingTaskOrigin	direct_handler	skipped	recorder_var_unresolved	recorder argument 'httptest.NewRecorder()' is not a plain variable
server/internal/handler/issue_agent_create_origin_test.go	107	TestCreateIssue_NoAgentCreateStampForMemberOrForgedAgent	direct_handler	skipped	request_var_unresolved	request argument 'req' is not traceable
server/internal/handler/issue_agent_create_origin_test.go	117	TestCreateIssue_NoAgentCreateStampForMemberOrForgedAgent	direct_handler	skipped	recorder_var_unresolved	recorder argument 'httptest.NewRecorder()' is not a plain variable
server/internal/handler/issue_assignee_types_test.go	73	TestListIssues_AssigneeTypesFilter	direct_handler	skipped	path_not_literal	path_not_literal
server/internal/handler/issue_assignee_types_test.go	128	TestListIssues_AssigneeTypesFilter	direct_handler	skipped	path_not_literal	path_not_literal
server/internal/handler/issue_autopilot_assignment_authority_test.go	166	?	testutil.Call	helper_site	-	request built inside a test helper, asserted by its callers
server/internal/handler/issue_autopilot_assignment_authority_test.go	229	?	testutil.Call	helper_site	-	request built inside a test helper, asserted by its callers
server/internal/handler/issue_autopilot_assignment_authority_test.go	242	TestCreateIssue_AutopilotRunAssignsPrivateAgent	testutil.Call	skipped	body_unresolved	body_unresolved
server/internal/handler/issue_autopilot_assignment_authority_test.go	265	TestCreateIssue_AutopilotRunAssignsPrivateAgent	testutil.Call	skipped	body_unresolved	body_unresolved
server/internal/handler/issue_autopilot_assignment_authority_test.go	277	TestCreateIssue_AutopilotRunAssignsPrivateAgent	testutil.Call	skipped	body_unresolved	body_unresolved
server/internal/handler/issue_autopilot_assignment_authority_test.go	296	TestCreateIssue_AutopilotRunAssignsPrivateAgent	testutil.Call	skipped	body_unresolved	body_unresolved
server/internal/handler/issue_autopilot_assignment_authority_test.go	311	TestCreateIssue_AutopilotRunAssignsPrivateAgent	testutil.Call	skipped	body_unresolved	body_unresolved
server/internal/handler/issue_autopilot_assignment_authority_test.go	320	TestCreateIssue_AutopilotRunAssignsPrivateAgent	testutil.Call	skipped	body_unresolved	body_unresolved
server/internal/handler/issue_autopilot_assignment_authority_test.go	340	TestCreateIssue_AutopilotRunAssignsPrivateAgent	testutil.Call	skipped	body_unresolved	body_unresolved
server/internal/handler/issue_autopilot_assignment_authority_test.go	436	TestUpdateIssue_AutopilotRunAssignsPrivateAgent	testutil.Call	skipped	body_unresolved	body_unresolved
server/internal/handler/issue_batch_test.go	62	TestBatchUpdateNoMutationReturnsZero	direct_handler	skipped	request_var_unresolved	request argument 'req' is not traceable
server/internal/handler/issue_batch_test.go	79	TestBatchUpdateNoMutationReturnsZero	direct_handler	skipped	no_status_assertion	no `gw.Code` comparison before line 88
server/internal/handler/issue_batch_test.go	103	TestBatchUpdateValidUpdatesPersistAndCount	direct_handler	skipped	body_unresolved	body_unresolved
server/internal/handler/issue_batch_test.go	118	TestBatchUpdateValidUpdatesPersistAndCount	direct_handler	skipped	no_status_assertion	no `gw.Code` comparison before line 125
server/internal/handler/issue_batch_test.go	139	TestBatchUpdateStageOnly	direct_handler	skipped	body_unresolved	body_unresolved
server/internal/handler/issue_batch_test.go	154	TestBatchUpdateStageOnly	direct_handler	skipped	no_status_assertion	no `gw.Code` comparison before line 160
server/internal/handler/issue_batch_test.go	172	?	direct_handler	helper_site	-	request built inside a test helper, asserted by its callers
server/internal/handler/issue_batch_test.go	186	?	direct_handler	helper_site	-	request built inside a test helper, asserted by its callers
server/internal/handler/issue_batch_test.go	220	?	direct_handler	helper_site	-	request built inside a test helper, asserted by its callers
server/internal/handler/issue_batch_test.go	246	?	direct_handler	helper_site	-	request built inside a test helper, asserted by its callers
server/internal/handler/issue_batch_test.go	284	?	direct_handler	helper_site	-	request built inside a test helper, asserted by its callers
server/internal/handler/issue_cancel_status_no_cancel_test.go	69	TestUpdateIssueCancelStatusDoesNotCancelActiveTasks	direct_handler	skipped	request_var_unresolved	request argument 'req' is not traceable
server/internal/handler/issue_cancel_status_no_cancel_test.go	110	TestBatchUpdateIssueCancelStatusDoesNotCancelActiveTasks	direct_handler	skipped	body_unresolved	body_unresolved
server/internal/handler/issue_channel_media_merge_test.go	104	TestUpdateIssueMergesChannelMediaAppendedAfterEditorBase	direct_handler	extracted	-	1 fixture(s)
server/internal/handler/issue_channel_media_merge_test.go	137	TestUpdateIssueMergesChannelMediaAppendedAfterEditorBase	direct_handler	skipped	value_unresolved	fixture needs values the runner cannot bind: $created.ID
server/internal/handler/issue_channel_media_merge_test.go	157	TestUpdateIssueMergesChannelMediaAppendedAfterEditorBase	direct_handler	skipped	body_unresolved	body_unresolved
server/internal/handler/issue_channel_media_merge_test.go	183	TestBatchUpdateIssuePreservesMarkedChannelMedia	direct_handler	extracted	-	1 fixture(s)
server/internal/handler/issue_channel_media_merge_test.go	216	TestBatchUpdateIssuePreservesMarkedChannelMedia	direct_handler	skipped	body_unresolved	body_unresolved
server/internal/handler/issue_child_done_batch_stage_test.go	232	TestBatchChildDonePreservesRepresentativeAndParentOrder	testutil.Call	skipped	request_var_unresolved	request expression is not traceable
server/internal/handler/issue_child_done_cancelled_batch_review_test.go	23	TestBatchChildDoneNamedStageHistoricalCancellationStillWarns	direct_handler	skipped	body_unresolved	body_unresolved
server/internal/handler/issue_child_done_test.go	29	?	direct_handler	helper_site	-	request built inside a test helper, asserted by its callers
server/internal/handler/issue_child_done_test.go	44	?	direct_handler	helper_site	-	request built inside a test helper, asserted by its callers
server/internal/handler/issue_child_done_test.go	70	?	direct_handler	helper_site	-	request built inside a test helper, asserted by its callers
server/internal/handler/issue_child_done_test.go	239	TestChildDoneSkippedWhenNoParent	direct_handler	skipped	body_unresolved	body_unresolved
server/internal/handler/issue_child_done_test.go	587	TestStageLeaderPrepareTimeoutRetryCanAdvanceNextStage	direct_handler	skipped	body_unresolved	body_unresolved
server/internal/handler/issue_child_done_test.go	663	TestStageLeaderPrepareTimeoutRetryCanAdvanceNextStage	direct_handler	skipped	value_unresolved	fixture needs values the runner cannot bind: $retryID, $sq.LeaderID, $stage2.ID
server/internal/handler/issue_children_for_parents_test.go	38	?	direct_handler	helper_site	-	request built inside a test helper, asserted by its callers
server/internal/handler/issue_children_for_parents_test.go	87	TestListChildrenByParents_ReturnsChildrenForBothParentsInOneCall	direct_handler	skipped	value_unresolved	fixture needs values the runner cannot bind: $fx.parentA.ID,$fx.parentB.ID
server/internal/handler/issue_children_for_parents_test.go	115	TestListChildrenByParents_EmptyParentIdsReturnsEmptyList	direct_handler	extracted	-	1 fixture(s)
server/internal/handler/issue_children_for_parents_test.go	131	TestListChildrenByParents_UnknownParentYieldsNoChildren	direct_handler	extracted	-	1 fixture(s)
server/internal/handler/issue_children_for_parents_test.go	144	TestListChildrenByParents_RejectsMalformedID	direct_handler	extracted	-	1 fixture(s)
server/internal/handler/issue_children_for_parents_test.go	161	TestListChildrenByParents_RejectsTooManyParents	direct_handler	skipped	path_not_literal	path_not_literal
server/internal/handler/issue_children_for_parents_test.go	210	TestListChildrenByParents_IgnoresForeignWorkspaceParents	direct_handler	skipped	value_unresolved	fixture needs values the runner cannot bind: $foreignParentID
server/internal/handler/issue_children_for_parents_test.go	235	?	direct_handler	helper_site	-	request built inside a test helper, asserted by its callers
server/internal/handler/issue_children_for_parents_test.go	315	TestListChildIssues_OrdersByNumberAsc	direct_handler	skipped	value_unresolved	fixture needs values the runner cannot bind: $parent.ID
server/internal/handler/issue_children_for_parents_test.go	332	TestListChildrenByParents_OrdersByNumberAscWithinParent	direct_handler	skipped	value_unresolved	fixture needs values the runner cannot bind: $parent.ID
server/internal/handler/issue_children_for_parents_test.go	356	TestListChildIssues_IncludesLabels	direct_handler	skipped	ambiguous_status	`w.Code` comparisons in the same block: [200, 201, 204]
server/internal/handler/issue_children_for_parents_test.go	386	TestListChildIssues_IncludesLabels	direct_handler	skipped	value_unresolved	fixture needs values the runner cannot bind: $fx.parentA.ID
server/internal/handler/issue_children_for_parents_test.go	396	TestListChildIssues_IncludesLabels	direct_handler	skipped	value_unresolved	fixture needs values the runner cannot bind: $fx.parentA.ID
server/internal/handler/issue_collection_revision_test.go	62	TestIssueCollectionProjectionsIncludePositiveRevision	direct_handler	skipped	body_unresolved	body_unresolved
server/internal/handler/issue_collection_revision_test.go	87	TestIssueCollectionProjectionsIncludePositiveRevision	direct_handler	skipped	path_not_literal	path_not_literal
server/internal/handler/issue_collection_revision_test.go	102	TestIssueCollectionProjectionsIncludePositiveRevision	direct_handler	skipped	path_not_literal	path_not_literal
server/internal/handler/issue_count_failure_test.go	47	TestListIssuesCountFailureDoesNotReturnPartialSuccess	testutil.Call	skipped	path_not_literal	path_not_literal
server/internal/handler/issue_count_failure_test.go	55	TestListIssuesCountFailureDoesNotReturnPartialSuccess	testutil.Call	skipped	path_not_literal	path_not_literal
server/internal/handler/issue_create_labels_test.go	25	?	direct_handler	helper_site	-	request built inside a test helper, asserted by its callers
server/internal/handler/issue_create_labels_test.go	77	TestCreateIssueAttachesLabelsAtomically	direct_handler	skipped	body_unresolved	body_unresolved
server/internal/handler/issue_create_labels_test.go	118	TestCreateIssueResponseAlwaysIncludesLabelsField	direct_handler	extracted	-	1 fixture(s)
server/internal/handler/issue_create_labels_test.go	156	TestCreateIssueEventCarriesLabels	direct_handler	skipped	body_unresolved	body_unresolved
server/internal/handler/issue_create_labels_test.go	203	TestCreateIssueDedupesDuplicateLabelIDs	direct_handler	skipped	body_unresolved	body_unresolved
server/internal/handler/issue_create_labels_test.go	228	TestCreateIssueRejectsUnknownLabelWithoutCreating	direct_handler	skipped	body_unresolved	body_unresolved
server/internal/handler/issue_create_labels_test.go	261	TestCreateIssueRejectsNonIssueScopedLabel	direct_handler	skipped	body_unresolved	body_unresolved
server/internal/handler/issue_create_position_test.go	37	TestCreateIssuePositionTopOfColumn	direct_handler	skipped	request_var_unresolved	request argument 'req' is not traceable
server/internal/handler/issue_create_position_test.go	77	TestCreateIssuePositionBelowExplicitMinimum	direct_handler	extracted	-	1 fixture(s)
server/internal/handler/issue_create_position_test.go	102	TestCreateIssuePositionBelowExplicitMinimum	direct_handler	extracted	-	1 fixture(s)
server/internal/handler/issue_create_position_test.go	132	TestAutopilotCreateIssuePositionBelowCurrentMinimum	direct_handler	skipped	body_unresolved	body_unresolved
server/internal/handler/issue_create_position_test.go	163	TestAutopilotCreateIssuePositionBelowCurrentMinimum	direct_handler	skipped	body_unresolved	body_unresolved
server/internal/handler/issue_create_position_test.go	174	TestAutopilotCreateIssuePositionBelowCurrentMinimum	direct_handler	skipped	no_status_assertion	no `ctx.Code` comparison before line 196
server/internal/handler/issue_create_properties_test.go	19	?	testutil.Call	helper_site	-	request built inside a test helper, asserted by its callers
server/internal/handler/issue_create_properties_test.go	123	TestCreateIssuePropertiesInvalidSecondValueRollsBack	testutil.Call	skipped	body_unresolved	body_unresolved
server/internal/handler/issue_create_properties_test.go	142	TestCreateIssuePropertiesRejectDefinitionAndActorBoundaries	testutil.Call	skipped	value_unresolved	fixture needs values the runner cannot bind: $archived.ID
server/internal/handler/issue_create_properties_test.go	174	TestCreateIssuePropertiesRejectDefinitionAndActorBoundaries	testutil.Call	skipped	body_unresolved	body_unresolved
server/internal/handler/issue_create_properties_test.go	199	TestCreateIssuePropertiesRejectsDuplicateJSONKey	testutil.Call	skipped	body_unresolved	body_unresolved
server/internal/handler/issue_create_properties_test.go	218	TestCreateIssuePropertiesRejectsDuplicateCanonicalPropertyID	testutil.Call	skipped	body_unresolved	body_unresolved
server/internal/handler/issue_create_properties_test.go	238	TestCreateIssuePropertiesRejectsEmptyMultiValue	testutil.Call	skipped	body_unresolved	body_unresolved
server/internal/handler/issue_create_properties_test.go	258	TestCreateIssuePropertiesAllowsPlainWorkspaceMember	testutil.Call	skipped	body_unresolved	body_unresolved
server/internal/handler/issue_create_properties_test.go	280	TestCreateIssuePropertiesPreservesAssignmentPermissionBoundary	testutil.Call	skipped	body_unresolved	body_unresolved
server/internal/handler/issue_create_properties_test.go	300	TestCreateIssuePropertiesEnforcesSharedBagSizeLimit	testutil.Call	skipped	body_unresolved	body_unresolved
server/internal/handler/issue_grouped_test.go	98	TestListGroupedIssuesAssigneePaginatesPerGroup	direct_handler	skipped	path_not_literal	path_not_literal
server/internal/handler/issue_grouped_test.go	146	TestListGroupedIssuesAssigneePaginatesPerGroup	direct_handler	skipped	path_not_literal	path_not_literal
server/internal/handler/issue_involves_test.go	233	?	direct_handler	helper_site	-	request built inside a test helper, asserted by its callers
server/internal/handler/issue_involves_test.go	258	?	direct_handler	helper_site	-	request built inside a test helper, asserted by its callers
server/internal/handler/issue_involves_test.go	428	TestListIssues_InvolvesUserID_CombinesWithCreatorID	direct_handler	skipped	path_not_literal	path_not_literal
server/internal/handler/issue_involves_test.go	451	TestListIssues_InvolvesUserID_InvalidUUIDReturns400	direct_handler	skipped	path_not_literal	path_not_literal
server/internal/handler/issue_last_activity_test.go	30	TestUpdateIssueActivityExcludesPositionOnlyWrites	direct_handler	skipped	request_var_unresolved	request argument 'r' is not traceable
server/internal/handler/issue_limit_validation_test.go	74	TestListIssues_LimitValidation	direct_handler	skipped	path_not_literal	path_not_literal
server/internal/handler/issue_limit_validation_test.go	192	TestListIssues_LimitClamp	direct_handler	skipped	path_not_literal	path_not_literal
server/internal/handler/issue_metadata_noop_test.go	86	TestIssueMetadataNoopPreservesRowAndSuppressesEvents	testutil.Call	skipped	request_var_unresolved	request expression is not traceable
server/internal/handler/issue_metadata_noop_test.go	122	TestIssueMetadataWaitingNoopReturnsCommittedSnapshot	testutil.Call	skipped	no_status_assertion	no .Want(...) in the call chain
server/internal/handler/issue_metadata_test.go	31	TestIssueMetadataSetGetDelete	direct_handler	skipped	request_var_unresolved	request argument 'req' is not traceable
server/internal/handler/issue_metadata_test.go	41	TestIssueMetadataSetGetDelete	direct_handler	extracted	-	1 fixture(s)
server/internal/handler/issue_metadata_test.go	68	TestIssueMetadataSetGetDelete	direct_handler	extracted	-	1 fixture(s)
server/internal/handler/issue_metadata_test.go	75	TestIssueMetadataSetGetDelete	direct_handler	skipped	no_status_assertion	no `w.Code` comparison before line 88
server/internal/handler/issue_metadata_test.go	115	TestIssueMetadataValidation	direct_handler	skipped	request_var_unresolved	request argument 'req' is not traceable
server/internal/handler/issue_metadata_test.go	134	TestIssueMetadataSizeLimit	direct_handler	skipped	body_unresolved	body_unresolved
server/internal/handler/issue_metadata_test.go	149	TestIssueMetadataKeyCountCap	direct_handler	skipped	request_var_unresolved	request argument 'req' is not traceable
server/internal/handler/issue_metadata_test.go	157	TestIssueMetadataKeyCountCap	direct_handler	skipped	body_unresolved	body_unresolved
server/internal/handler/issue_metadata_test.go	167	TestIssueMetadataKeyCountCap	direct_handler	skipped	body_unresolved	body_unresolved
server/internal/handler/issue_metadata_test.go	184	TestListIssuesMetadataFilter	direct_handler	skipped	request_var_unresolved	request argument 'req' is not traceable
server/internal/handler/issue_metadata_test.go	192	TestListIssuesMetadataFilter	direct_handler	extracted	-	1 fixture(s)
server/internal/handler/issue_metadata_test.go	220	TestListIssuesMetadataFilter	direct_handler	extracted	-	1 fixture(s)
server/internal/handler/issue_metadata_test.go	234	TestNewIssueDefaultsToEmptyMetadata	direct_handler	extracted	-	1 fixture(s)
server/internal/handler/issue_metadata_test.go	256	?	direct_handler	helper_site	-	request built inside a test helper, asserted by its callers
server/internal/handler/issue_move_test.go	158	TestMoveIssueRejectsUnsafeInputs	direct_handler	skipped	request_var_unresolved	request argument 'req' is not traceable
server/internal/handler/issue_reassign_no_cancel_test.go	66	TestUpdateIssueReassignDoesNotCancelActiveTasks	direct_handler	skipped	body_unresolved	body_unresolved
server/internal/handler/issue_reassign_no_cancel_test.go	102	TestBatchUpdateIssueReassignDoesNotCancelActiveTasks	direct_handler	skipped	body_unresolved	body_unresolved
server/internal/handler/issue_reassign_no_cancel_test.go	151	TestUpdateIssueReassignToAgentKeepsOldTaskAndEnqueuesNew	direct_handler	skipped	body_unresolved	body_unresolved
server/internal/handler/issue_revision_test.go	127	TestRevisionConflictsPreserveLatestIssueAndComment	direct_handler	skipped	ambiguous_status	`w.Code` comparisons in the same block: [200, 409]
server/internal/handler/issue_revision_test.go	148	TestRevisionConflictsPreserveLatestIssueAndComment	direct_handler	extracted	-	1 fixture(s)
server/internal/handler/issue_revision_test.go	166	TestRevisionConflictsPreserveLatestIssueAndComment	direct_handler	skipped	ambiguous_status	`w.Code` comparisons in the same block: [200, 409]
server/internal/handler/issue_revision_test.go	205	TestRevisionConflictsPreserveLatestIssueAndComment	direct_handler	skipped	request_var_unresolved	request argument 'req' is not traceable
server/internal/handler/issue_revision_test.go	221	TestRevisionConflictsPreserveLatestIssueAndComment	direct_handler	skipped	value_unresolved	fixture needs values the runner cannot bind: $commentID
server/internal/handler/issue_revision_test.go	259	TestTextBaselinesIgnoreUnrelatedAggregateRevisionChanges	direct_handler	extracted	-	1 fixture(s)
server/internal/handler/issue_revision_test.go	267	TestTextBaselinesIgnoreUnrelatedAggregateRevisionChanges	direct_handler	extracted	-	1 fixture(s)
server/internal/handler/issue_revision_test.go	277	TestTextBaselinesIgnoreUnrelatedAggregateRevisionChanges	direct_handler	extracted	-	1 fixture(s)
server/internal/handler/issue_revision_test.go	288	TestTextBaselinesIgnoreUnrelatedAggregateRevisionChanges	direct_handler	extracted	-	1 fixture(s)
server/internal/handler/issue_revision_test.go	309	TestTextBaselinesIgnoreUnrelatedAggregateRevisionChanges	direct_handler	skipped	value_unresolved	fixture needs values the runner cannot bind: $commentID
server/internal/handler/issue_revision_test.go	318	TestTextBaselinesIgnoreUnrelatedAggregateRevisionChanges	direct_handler	skipped	value_unresolved	fixture needs values the runner cannot bind: $commentID
server/internal/handler/issue_revision_test.go	341	TestDescriptionEditAcceptsATrimmedBaseOfUntrimmedStoredMarkdown	testutil.Call	extracted	-	1 fixture(s)
server/internal/handler/issue_revision_test.go	406	TestConcurrentRevisionWritesHaveExactlyOneWinner	direct_handler	skipped	no_status_assertion	no `w.Code` comparison before line 415
server/internal/handler/issue_revision_test.go	415	TestConcurrentRevisionWritesHaveExactlyOneWinner	direct_handler	skipped	no_status_assertion	no `w.Code` comparison before line 431
server/internal/handler/issue_revision_test.go	464	TestConcurrentCommentRevisionConflictCancelsTaskBatchOnce	direct_handler	skipped	no_status_assertion	no `w.Code` comparison before line 502
server/internal/handler/issue_revision_test.go	519	TestNoOpIssueUpdateDoesNotAdvanceRevisionOrUpdatedAt	direct_handler	extracted	-	1 fixture(s)
server/internal/handler/issue_revision_test.go	571	TestNoOpIssueWithAttachmentPublishesFreshOwnerBeforeAttachmentEvent	direct_handler	skipped	body_unresolved	body_unresolved
server/internal/handler/issue_revision_test.go	653	TestIssueUpdateAndAttachmentBindingExcludeInterleavingMutation	direct_handler	skipped	no_status_assertion	no `w.Code` comparison before line 729
server/internal/handler/issue_revision_test.go	756	TestIssueUpdateRollsBackWhenAttachmentBindingFails	direct_handler	skipped	body_unresolved	body_unresolved
server/internal/handler/issue_revision_test.go	823	TestAuxiliaryVisibleMutationsAdvanceOwnerRevisionExactlyOnce	direct_handler	extracted	-	1 fixture(s)
server/internal/handler/issue_scheduled_test.go	62	TestListIssues_ScheduledFilter	direct_handler	skipped	path_not_literal	path_not_literal
server/internal/handler/issue_scheduled_test.go	139	TestListIssuesReturnsStage	direct_handler	skipped	path_not_literal	path_not_literal
server/internal/handler/issue_sort_test.go	19	TestListIssuesStatusSortCountsCustomStatuses	direct_handler	extracted	-	1 fixture(s)
server/internal/handler/issue_sort_test.go	92	TestListIssuesSortsByStatusAndUpdatedAt	direct_handler	skipped	path_not_literal	path_not_literal
server/internal/handler/issue_sort_test.go	120	TestListIssuesSortsByStatusAndUpdatedAt	direct_handler	skipped	path_not_literal	path_not_literal
server/internal/handler/issue_sort_test.go	282	TestListIssuesStatusSortFollowsCatalogOrder	direct_handler	skipped	path_not_literal	path_not_literal
server/internal/handler/issue_status_compatibility_test.go	58	TestStatusCompatibilityContractedStorageGroupsAndPagination	testutil.Call	skipped	body_unresolved	body_unresolved
server/internal/handler/issue_status_compatibility_test.go	81	TestStatusCompatibilityContractedStorageGroupsAndPagination	testutil.Call	skipped	body_unresolved	body_unresolved
server/internal/handler/issue_status_compatibility_test.go	124	TestStatusCompatibilityContractedStorageGroupsAndPagination	testutil.Call	skipped	body_unresolved	body_unresolved
server/internal/handler/issue_status_compatibility_test.go	159	TestStatusCompatibilityCatalogWritesAndTenantIsolation	testutil.Call	skipped	body_unresolved	body_unresolved
server/internal/handler/issue_status_compatibility_test.go	197	TestStatusCompatibilityGCAfterContract	testutil.Call	skipped	request_var_unresolved	request expression is not traceable
server/internal/handler/issue_status_compatibility_test.go	203	TestStatusCompatibilityGCAfterContract	testutil.Call	skipped	request_var_unresolved	request expression is not traceable
server/internal/handler/issue_status_compatibility_test.go	218	TestStatusCompatibilityCursorRejectsDifferentCategoryFormat	testutil.Call	skipped	body_unresolved	body_unresolved
server/internal/handler/issue_status_compatibility_test.go	224	TestStatusCompatibilityCursorRejectsDifferentCategoryFormat	testutil.Call	skipped	body_unresolved	body_unresolved
server/internal/handler/issue_status_compatibility_test.go	235	TestStatusCompatibilityParentLaneUsesExpandedVisibleKeys	testutil.Call	skipped	body_unresolved	body_unresolved
server/internal/handler/issue_status_compatibility_test.go	241	TestStatusCompatibilityParentLaneUsesExpandedVisibleKeys	testutil.Call	skipped	body_unresolved	body_unresolved
server/internal/handler/issue_status_icon_test.go	20	TestIssueStatusIconPresentation	testutil.Call	skipped	ambiguous_status	.Want() status tokens: []
server/internal/handler/issue_status_icon_test.go	64	TestCreateIssueStatusIcon	testutil.Call	skipped	body_unresolved	body_unresolved
server/internal/handler/issue_status_icon_test.go	68	TestCreateIssueStatusIcon	testutil.Call	skipped	body_unresolved	body_unresolved
server/internal/handler/issue_status_icon_test.go	76	TestCreateIssueStatusIcon	testutil.Call	skipped	value_unresolved	fixture needs values the runner cannot bind: $created.ID
server/internal/handler/issue_status_icon_test.go	80	TestCreateIssueStatusIcon	testutil.Call	extracted	-	1 fixture(s)
server/internal/handler/issue_status_position_test.go	54	TestUpdateIssueStatusRanksAboveDestinationColumn	testutil.Call	skipped	value_unresolved	fixture needs values the runner cannot bind: $moving
server/internal/handler/issue_status_position_test.go	81	TestUpdateIssueStatusKeepsExplicitPosition	testutil.Call	skipped	body_unresolved	body_unresolved
server/internal/handler/issue_status_position_test.go	103	TestUpdateIssueWithoutStatusChangeKeepsPosition	testutil.Call	extracted	-	1 fixture(s)
server/internal/handler/issue_status_reorder_test.go	47	?	direct_handler	helper_site	-	request built inside a test helper, asserted by its callers
server/internal/handler/issue_status_reorder_test.go	282	TestReorderIssueStatusesIncludesBuiltInsAndPreservesLegacySlots	testutil.Call	skipped	ambiguous_status	.Want() status tokens: []
server/internal/handler/issue_status_reorder_test.go	318	TestReorderIssueStatusesIncludesBuiltInsAndPreservesLegacySlots	testutil.Call	skipped	body_unresolved	body_unresolved
server/internal/handler/issue_status_reorder_test.go	321	TestReorderIssueStatusesIncludesBuiltInsAndPreservesLegacySlots	testutil.Call	skipped	value_unresolved	fixture needs values the runner cannot bind: $review, $ws
server/internal/handler/issue_status_reorder_test.go	348	TestReorderIssueStatusesIncludesBuiltInsAndPreservesLegacySlots	testutil.Call	skipped	body_unresolved	body_unresolved
server/internal/handler/issue_status_test.go	124	TestListIssueStatusesPreservesLegacyWireCategories	direct_handler	extracted	-	1 fixture(s)
server/internal/handler/issue_status_test.go	235	TestIssueWriteAcceptsCustomStatusAndRejectsUnknown	direct_handler	skipped	request_var_unresolved	request argument 'req' is not traceable
server/internal/handler/issue_status_test.go	260	TestIssueWriteAcceptsCustomStatusAndRejectsUnknown	direct_handler	skipped	request_var_unresolved	request argument 'req' is not traceable
server/internal/handler/issue_status_test.go	279	TestIssueWriteAcceptsCustomStatusAndRejectsUnknown	direct_handler	skipped	request_var_unresolved	request argument 'req' is not traceable
server/internal/handler/issue_status_test.go	305	TestBuiltInStatusesAreImmutable	direct_handler	skipped	request_var_unresolved	request argument 'req' is not traceable
server/internal/handler/issue_status_test.go	316	TestBuiltInStatusesAreImmutable	direct_handler	skipped	request_var_unresolved	request argument 'req' is not traceable
server/internal/handler/issue_status_test.go	352	TestArchiveRequiresMovingExistingIssues	testutil.Call	skipped	request_var_unresolved	request expression is not traceable
server/internal/handler/issue_status_test.go	363	TestArchiveRequiresMovingExistingIssues	testutil.Call	skipped	request_var_unresolved	request expression is not traceable
server/internal/handler/issue_status_test.go	364	TestArchiveRequiresMovingExistingIssues	testutil.Call	skipped	request_var_unresolved	request expression is not traceable
server/internal/handler/issue_status_test.go	365	TestArchiveRequiresMovingExistingIssues	testutil.Call	skipped	request_var_unresolved	request expression is not traceable
server/internal/handler/issue_status_test.go	397	TestPreviouslyArchivedStatusRemainsReadable	direct_handler	extracted	-	1 fixture(s)
server/internal/handler/issue_status_test.go	424	TestCreateIssueStatusValidation	direct_handler	skipped	no_status_assertion	no `rec.Code` comparison before line 430
server/internal/handler/issue_status_test.go	441	TestCreateIssueStatusIsNotGatedOnRollout	testutil.Call	skipped	body_unresolved	body_unresolved
server/internal/handler/issue_status_test.go	457	TestIssueWriteStoresCanonicalStatusKey	direct_handler	skipped	body_unresolved	body_unresolved
server/internal/handler/issue_status_test.go	519	TestCustomTerminalStatusCountsAsTerminalInSQL	direct_handler	skipped	body_unresolved	body_unresolved
server/internal/handler/issue_status_test.go	646	?	direct_handler	helper_site	-	request built inside a test helper, asserted by its callers
server/internal/handler/issue_status_test.go	730	TestWritesRejectAnArchivedStatus	direct_handler	skipped	no_status_assertion	no `rec.Code` comparison before line 738
server/internal/handler/issue_status_test.go	738	TestWritesRejectAnArchivedStatus	direct_handler	skipped	no_status_assertion	no `rec.Code` comparison before line 746
server/internal/handler/issue_status_test.go	746	TestWritesRejectAnArchivedStatus	direct_handler	skipped	no_status_assertion	no `rec.Code` comparison before line 756
server/internal/handler/issue_status_test.go	756	TestWritesRejectAnArchivedStatus	direct_handler	skipped	no_status_assertion	no `rec.Code` comparison before line 765
server/internal/handler/issue_status_test.go	765	TestWritesRejectAnArchivedStatus	direct_handler	skipped	no_status_assertion	no `rec.Code` comparison before line 799
server/internal/handler/issue_status_test.go	808	TestArchiveRejectsAfterACommittedWrite	direct_handler	extracted	-	1 fixture(s)
server/internal/handler/issue_status_test.go	844	TestArchiveRejectsAfterACommittedWrite	direct_handler	skipped	no_status_assertion	no `rec.Code` comparison before line 869
server/internal/handler/issue_status_test.go	895	TestArchiveCommitsInsideTheWriteRaceWindow	direct_handler	skipped	no_status_assertion	no `rec.Code` comparison before line 909
server/internal/handler/issue_status_test.go	909	TestArchiveCommitsInsideTheWriteRaceWindow	direct_handler	skipped	no_status_assertion	no `rec.Code` comparison before line 923
server/internal/handler/issue_status_test.go	923	TestArchiveCommitsInsideTheWriteRaceWindow	direct_handler	skipped	no_status_assertion	no `rec.Code` comparison before line 939
server/internal/handler/issue_status_test.go	939	TestArchiveCommitsInsideTheWriteRaceWindow	direct_handler	skipped	no_status_assertion	no `rec.Code` comparison before line 954
server/internal/handler/issue_status_test.go	954	TestArchiveCommitsInsideTheWriteRaceWindow	direct_handler	skipped	no_status_assertion	no `rec.Code` comparison before line 1032
server/internal/handler/issue_status_test.go	1038	?	direct_handler	helper_site	-	request built inside a test helper, asserted by its callers
server/internal/handler/issue_status_test.go	1069	TestBatchCustomTerminalStatusEntersStageBarrier	direct_handler	skipped	body_unresolved	body_unresolved
server/internal/handler/issue_status_test.go	1103	TestChildrenResponseCarriesStatusCategory	direct_handler	skipped	path_not_literal	path_not_literal
server/internal/handler/issue_status_test.go	1206	TestListFilterByCategoryReturnsCustomStatusIssues	direct_handler	extracted	-	1 fixture(s)
server/internal/handler/issue_status_test.go	1256	TestCreateEventCarriesCustomStatusCategory	direct_handler	extracted	-	1 fixture(s)
server/internal/handler/issue_status_test.go	1305	TestListEndpointsCarryStatusCategory	direct_handler	extracted	-	1 fixture(s)
server/internal/handler/issue_status_test.go	1354	TestListEndpointsCarryStatusCategory	direct_handler	skipped	path_not_literal	path_not_literal
server/internal/handler/issue_status_test.go	1457	TestCatalogWritesAnnounceThemselves	testutil.Call	skipped	body_unresolved	body_unresolved
server/internal/handler/issue_status_test.go	1464	TestCatalogWritesAnnounceThemselves	testutil.Call	skipped	value_unresolved	fixture needs values the runner cannot bind: $created.ID
server/internal/handler/issue_status_test.go	1519	TestCreateIssueStatusAcceptsANonLatinName	testutil.Call	skipped	body_unresolved	body_unresolved
server/internal/handler/issue_status_test.go	1562	TestCreateIssueStatusDisambiguatesCollidingSlugs	testutil.Call	skipped	body_unresolved	body_unresolved
server/internal/handler/issue_status_test.go	1594	TestDerivedKeyAvoidsAnArchivedKey	testutil.Call	skipped	body_unresolved	body_unresolved
server/internal/handler/issue_status_test.go	1632	TestUnknownStatusErrorNamesCustomStatuses	direct_handler	extracted	-	1 fixture(s)
server/internal/handler/issue_status_test.go	1671	TestIssueResponseCarriesCustomStatusName	testutil.Call	extracted	-	1 fixture(s)
server/internal/handler/issue_status_test.go	1688	TestIssueResponseCarriesCustomStatusName	testutil.Call	skipped	body_unresolved	body_unresolved
server/internal/handler/issue_status_test.go	1731	TestExplicitKeyCreateAlsoTakesTheCatalogLock	direct_handler	skipped	body_unresolved	body_unresolved
server/internal/handler/issue_status_test.go	1816	TestConcurrentDerivedCreatesNeverConflict	direct_handler	skipped	no_status_assertion	no `rec.Code` comparison before line 1894
server/internal/handler/issue_status_test.go	1921	TestCustomStatusPayloadsAgreeAcrossRenderings	testutil.Call	extracted	-	1 fixture(s)
server/internal/handler/issue_table_concrete_status_test.go	24	TestIssueTableConcreteStatusCatalogOrder	testutil.Call	skipped	body_unresolved	body_unresolved
server/internal/handler/issue_table_concrete_status_test.go	65	TestIssueTableCompoundConcreteCustomStatuses	testutil.Call	skipped	body_unresolved	body_unresolved
server/internal/handler/issue_table_concrete_status_test.go	86	TestIssueTableCompoundConcreteCustomStatuses	testutil.Call	skipped	no_status_assertion	no .Want(...) in the call chain
server/internal/handler/issue_table_concrete_status_test.go	97	TestIssueTableCompoundConcreteCustomStatuses	testutil.Call	skipped	no_status_assertion	no .Want(...) in the call chain
server/internal/handler/issue_table_concrete_status_test.go	107	TestIssueTableCompoundConcreteCustomStatuses	testutil.Call	skipped	body_unresolved	body_unresolved
server/internal/handler/issue_table_filters_test.go	108	TestListIssues_TableFacetsAreServerSide	direct_handler	skipped	path_not_literal	path_not_literal
server/internal/handler/issue_table_filters_test.go	247	TestQueryIssues_PostTwinMatchesGet	direct_handler	skipped	no_status_assertion	no `postRecorder.Code` comparison before line 262
server/internal/handler/issue_table_filters_test.go	262	TestQueryIssues_PostTwinMatchesGet	direct_handler	skipped	no_status_assertion	no `getRecorder.Code` comparison before line 274
server/internal/handler/issue_table_filters_test.go	274	TestQueryIssues_PostTwinMatchesGet	direct_handler	extracted	-	1 fixture(s)
server/internal/handler/issue_table_filters_test.go	331	TestListIssues_OffsetPaginationStableOnCreatedAtTies	direct_handler	skipped	path_not_literal	path_not_literal
server/internal/handler/issue_table_project_status_test.go	43	TestIssueTableRowsFilterByProjectStatus	testutil.Call	skipped	body_unresolved	body_unresolved
server/internal/handler/issue_table_project_status_test.go	123	TestIssueTableRowsProjectStatusStaysInsideTheWorkspace	testutil.Call	skipped	body_unresolved	body_unresolved
server/internal/handler/issue_table_project_status_test.go	143	TestIssueTableRowsRejectsUnknownProjectStatus	testutil.Call	skipped	body_unresolved	body_unresolved
server/internal/handler/issue_table_query_test.go	347	TestIssueTableWorkingIssueProjectionMatchesTaskIssuesNotAssignees	direct_handler	extracted	-	1 fixture(s)
server/internal/handler/issue_table_query_test.go	372	TestIssueTableWorkingIssueProjectionMatchesTaskIssuesNotAssignees	direct_handler	skipped	body_unresolved	body_unresolved
server/internal/handler/issue_table_query_test.go	595	TestIssueTableRowsCommitsBeforeBestEffortEnrichment	direct_handler	skipped	body_unresolved	body_unresolved
server/internal/handler/issue_table_query_test.go	680	TestIssueTableStatusGroupingOverOneThousandRows	direct_handler	skipped	body_unresolved	body_unresolved
server/internal/handler/issue_table_query_test.go	703	TestIssueTableStatusGroupingOverOneThousandRows	direct_handler	skipped	body_unresolved	body_unresolved
server/internal/handler/issue_table_query_test.go	719	TestIssueTableStatusGroupingOverOneThousandRows	direct_handler	skipped	body_unresolved	body_unresolved
server/internal/handler/issue_table_query_test.go	745	TestIssueTableStatusGroupingOverOneThousandRows	direct_handler	skipped	body_unresolved	body_unresolved
server/internal/handler/issue_table_query_test.go	770	TestIssueTableStatusGroupingOverOneThousandRows	direct_handler	skipped	body_unresolved	body_unresolved
server/internal/handler/issue_table_query_test.go	797	TestIssueTableStatusGroupingOverOneThousandRows	direct_handler	skipped	body_unresolved	body_unresolved
server/internal/handler/issue_table_query_test.go	818	TestIssueTableStatusGroupingOverOneThousandRows	direct_handler	skipped	body_unresolved	body_unresolved
server/internal/handler/issue_table_query_test.go	848	TestIssueTableStatusGroupingOverOneThousandRows	direct_handler	skipped	body_unresolved	body_unresolved
server/internal/handler/issue_table_query_test.go	886	TestIssueTableStatusGroupingOverOneThousandRows	direct_handler	skipped	body_unresolved	body_unresolved
server/internal/handler/issue_table_query_test.go	916	TestIssueTableStatusGroupingOverOneThousandRows	direct_handler	skipped	body_unresolved	body_unresolved
server/internal/handler/issue_table_query_test.go	944	TestIssueTableStatusGroupingOverOneThousandRows	direct_handler	skipped	body_unresolved	body_unresolved
server/internal/handler/issue_table_query_test.go	984	TestIssueTableStatusGroupingOverOneThousandRows	direct_handler	skipped	body_unresolved	body_unresolved
server/internal/handler/issue_table_query_test.go	1059	TestIssueTableAssigneeNamesResolveAfterGrouping	direct_handler	skipped	body_unresolved	body_unresolved
server/internal/handler/issue_table_query_test.go	1145	TestIssueTableCompoundParentGroupsReturnExactStatusCells	direct_handler	skipped	body_unresolved	body_unresolved
server/internal/handler/issue_table_query_test.go	1229	TestIssueTableCompoundParentGroupsReturnExactStatusCells	direct_handler	skipped	body_unresolved	body_unresolved
server/internal/handler/issue_table_query_test.go	1273	TestIssueTableCompoundParentGroupsReturnExactStatusCells	direct_handler	skipped	body_unresolved	body_unresolved
server/internal/handler/issue_table_query_test.go	1373	TestIssueTableHierarchyDoesNotCrossGroups	direct_handler	skipped	body_unresolved	body_unresolved
server/internal/handler/issue_table_query_test.go	1456	TestIssueTableSelectPropertySortKeysetPagination	testutil.Call	skipped	body_unresolved	body_unresolved
server/internal/handler/issue_table_query_test.go	1563	TestIssueTableHierarchyRootKeysetPagination	direct_handler	skipped	body_unresolved	body_unresolved
server/internal/handler/issue_table_status_category_test.go	81	TestIssueTableAcceptsLegacyLifecycleGroupInputs	direct_handler	skipped	body_unresolved	body_unresolved
server/internal/handler/issue_table_status_category_test.go	119	TestIssueTableStatusCategoryGroupsFoldCustomStatuses	direct_handler	skipped	body_unresolved	body_unresolved
server/internal/handler/issue_table_status_category_test.go	156	TestIssueTableStatusCategoryRowsReturnCustomStatusIssues	direct_handler	skipped	body_unresolved	body_unresolved
server/internal/handler/issue_table_status_category_test.go	198	TestIssueTableCompoundStatusCategoryCellsFoldCustomStatuses	direct_handler	skipped	body_unresolved	body_unresolved
server/internal/handler/issue_table_status_category_test.go	234	TestIssueTableCompoundStatusCategoryCellsFoldCustomStatuses	direct_handler	skipped	body_unresolved	body_unresolved
server/internal/handler/issue_table_status_category_test.go	291	TestIssueTableStatusCategoryFoldsBuiltInsWithoutCustomStatuses	direct_handler	skipped	body_unresolved	body_unresolved
server/internal/handler/issue_table_status_category_test.go	377	TestIssueTableStatusCategoryReadsCatalogOncePerRequest	direct_handler	skipped	body_unresolved	body_unresolved
server/internal/handler/issue_table_status_category_test.go	403	TestIssueTableCompoundStatusCategoryReadsCatalogOncePerRequest	direct_handler	skipped	body_unresolved	body_unresolved
server/internal/handler/issue_table_status_category_test.go	431	TestIssueTableStatusGroupingReadsCatalogOnce	direct_handler	skipped	body_unresolved	body_unresolved
server/internal/handler/issue_table_status_category_test.go	470	TestIssueTableStatusGroupingCarriesCustomStatusGroups	direct_handler	skipped	body_unresolved	body_unresolved
server/internal/handler/issue_table_status_category_test.go	507	TestIssueTableStatusGroupingCarriesCustomStatusGroups	direct_handler	skipped	body_unresolved	body_unresolved
server/internal/handler/issue_table_status_category_test.go	536	TestIssueTableFiltersAcceptCustomStatusKeys	direct_handler	skipped	body_unresolved	body_unresolved
server/internal/handler/issue_table_status_category_test.go	554	TestIssueTableFiltersAcceptCustomStatusKeys	direct_handler	skipped	body_unresolved	body_unresolved
server/internal/handler/issue_table_status_category_test.go	578	TestIssueTableFiltersAcceptCustomStatusKeys	direct_handler	skipped	body_unresolved	body_unresolved
server/internal/handler/issue_table_working_agents_facet_test.go	20	?	direct_handler	helper_site	-	request built inside a test helper, asserted by its callers
server/internal/handler/issue_triage_guard_test.go	58	TestTriageIsAnOrdinaryCustomStatusKey	testutil.Call	extracted	-	1 fixture(s)
server/internal/handler/issue_triage_guard_test.go	68	TestTriageIsAnOrdinaryCustomStatusKey	testutil.Call	extracted	-	1 fixture(s)
server/internal/handler/issue_triage_guard_test.go	93	TestIssueInTriageAcceptsOrdinaryFieldWrites	testutil.Call	skipped	body_unresolved	body_unresolved
server/internal/handler/issue_triage_guard_test.go	116	TestIssueInTriageRefusesAParent	testutil.Call	skipped	no_status_assertion	no .Want(...) in the call chain
server/internal/handler/issue_triage_guard_test.go	150	TestBatchUpdateRefusesAParentForIssuesInTriage	testutil.Call	skipped	no_status_assertion	no .Want(...) in the call chain
server/internal/handler/issue_triage_guard_test.go	181	TestTriageIssueIsNotAnActiveDuplicate	testutil.Call	extracted	-	1 fixture(s)
server/internal/handler/issue_triage_no_run_test.go	119	?	testutil.Call	helper_site	-	request built inside a test helper, asserted by its callers
server/internal/handler/issue_triage_no_run_test.go	135	?	testutil.Call	helper_site	-	request built inside a test helper, asserted by its callers
server/internal/handler/issue_triage_no_run_test.go	146	?	testutil.Call	helper_site	-	request built inside a test helper, asserted by its callers
server/internal/handler/issue_triage_no_run_test.go	153	?	testutil.Call	helper_site	-	request built inside a test helper, asserted by its callers
server/internal/handler/issue_triage_no_run_test.go	160	?	testutil.Call	helper_site	-	request built inside a test helper, asserted by its callers
server/internal/handler/issue_triage_no_run_test.go	206	TestTriageRefusesRerunAndQuickActionWithAReason	testutil.Call	skipped	no_status_assertion	no .Want(...) in the call chain
server/internal/handler/issue_triage_no_run_test.go	217	TestTriageRefusesRerunAndQuickActionWithAReason	testutil.Call	skipped	no_status_assertion	no .Want(...) in the call chain
server/internal/handler/issue_triage_no_run_test.go	244	TestTriageCommentMentionDispatchesNormally	testutil.Call	skipped	body_unresolved	body_unresolved
server/internal/handler/issue_triage_no_run_test.go	453	TestRerunRefusesAHistoricalTriageTaskAfterAccept	testutil.Call	skipped	no_status_assertion	no .Want(...) in the call chain
server/internal/handler/issue_triage_no_run_test.go	491	TestRerunInTriageFollowsItsSource	testutil.Call	skipped	body_unresolved	body_unresolved
server/internal/handler/issue_triage_no_run_test.go	508	TestRerunInTriageFollowsItsSource	testutil.Call	skipped	body_unresolved	body_unresolved
server/internal/handler/issue_trigger_backlog_category_test.go	39	TestBacklogToCustomUnstartedStatusTriggers	testutil.Call	skipped	body_unresolved	body_unresolved
server/internal/handler/issue_trigger_backlog_category_test.go	50	TestBacklogToCustomUnstartedStatusTriggers	testutil.Call	skipped	body_unresolved	body_unresolved
server/internal/handler/issue_trigger_backlog_category_test.go	64	TestBacklogToCustomUnstartedStatusTriggers	testutil.Call	skipped	value_unresolved	fixture needs values the runner cannot bind: $created.ID
server/internal/handler/issue_trigger_preview_test.go	33	?	direct_handler	helper_site	-	request built inside a test helper, asserted by its callers
server/internal/handler/issue_trigger_preview_test.go	48	?	direct_handler	helper_site	-	request built inside a test helper, asserted by its callers
server/internal/handler/issue_trigger_preview_test.go	58	?	direct_handler	helper_site	-	request built inside a test helper, asserted by its callers
server/internal/handler/issue_trigger_preview_test.go	162	TestPreviewIssueTrigger_MatchesWritePath	direct_handler	skipped	body_unresolved	body_unresolved
server/internal/handler/issue_trigger_preview_test.go	183	TestPreviewIssueTrigger_MatchesWritePath	direct_handler	skipped	body_unresolved	body_unresolved
server/internal/handler/issue_trigger_preview_test.go	203	TestUpdateIssueSuppressRunSkipsEnqueue	direct_handler	skipped	body_unresolved	body_unresolved
server/internal/handler/issue_trigger_preview_test.go	217	TestUpdateIssueSuppressRunSkipsEnqueue	direct_handler	skipped	body_unresolved	body_unresolved
server/internal/handler/issue_trigger_preview_test.go	243	TestLegacyV0438HandoffPayloadReachesTaskPrompt	direct_handler	skipped	body_unresolved	body_unresolved
server/internal/handler/issue_trigger_preview_test.go	280	TestPreviewIssueTrigger_MalformedBody	direct_handler	extracted	-	1 fixture(s)
server/internal/handler/issue_update_project_scope_test.go	87	TestUpdateIssueProjectStaysInWorkspace	direct_handler	skipped	request_var_unresolved	request argument 'req' is not traceable
server/internal/handler/issue_update_project_scope_test.go	106	TestUpdateIssueProjectStaysInWorkspace	direct_handler	skipped	request_var_unresolved	request argument 'req' is not traceable
server/internal/handler/issue_update_project_scope_test.go	178	TestBatchUpdateIssuesProjectStaysInWorkspace	direct_handler	skipped	ambiguous_status	`w.Code` comparisons in the same block: [200, 400]
server/internal/handler/issue_validation_test.go	16	TestCreateIssueInvalidStatusReturns400	direct_handler	extracted	-	1 fixture(s)
server/internal/handler/issue_validation_test.go	31	TestCreateIssueInvalidPriorityReturns400	direct_handler	extracted	-	1 fixture(s)
server/internal/handler/issue_validation_test.go	47	TestUpdateIssueInvalidStatusReturns400	direct_handler	extracted	-	1 fixture(s)
server/internal/handler/issue_validation_test.go	60	TestUpdateIssueInvalidPriorityReturns400	direct_handler	extracted	-	1 fixture(s)
server/internal/handler/issue_validation_test.go	74	TestBatchUpdateIssuesInvalidStatusReturns400	direct_handler	extracted	-	1 fixture(s)
server/internal/handler/issue_validation_test.go	88	TestBatchUpdateIssuesInvalidPriorityReturns400	direct_handler	extracted	-	1 fixture(s)
server/internal/handler/issue_view_preference_test.go	19	TestIssueViewPreferenceRoundTrip	direct_handler	extracted	-	1 fixture(s)
server/internal/handler/issue_view_preference_test.go	35	TestIssueViewPreferenceRoundTrip	direct_handler	skipped	body_unresolved	body_unresolved
server/internal/handler/issue_view_preference_test.go	44	TestIssueViewPreferenceRoundTrip	direct_handler	skipped	no_status_assertion	no `w.Code` comparison before line 54
server/internal/handler/issue_view_preference_test.go	54	TestIssueViewPreferenceRoundTrip	direct_handler	extracted	-	1 fixture(s)
server/internal/handler/issue_view_preference_test.go	62	TestIssueViewPreferenceRoundTrip	direct_handler	skipped	no_status_assertion	no `w.Code` comparison before line 71
server/internal/handler/issue_view_preference_test.go	80	TestIssueViewPreferenceIsPerUser	direct_handler	extracted	-	1 fixture(s)
server/internal/handler/issue_view_preference_test.go	92	TestIssueViewPreferenceIsPerUser	direct_handler	skipped	no_status_assertion	no `w.Code` comparison before line 98
server/internal/handler/issue_view_test.go	17	?	direct_handler	helper_site	-	request built inside a test helper, asserted by its callers
server/internal/handler/issue_view_test.go	48	TestCreateAndListIssueView	direct_handler	extracted	-	1 fixture(s)
server/internal/handler/issue_view_test.go	103	TestIssueViewPrivateInvisibleToOthers	direct_handler	skipped	no_status_assertion	no `w.Code` comparison before line 116
server/internal/handler/issue_view_test.go	116	TestIssueViewPrivateInvisibleToOthers	direct_handler	skipped	value_unresolved	member identity needs values the runner cannot fabricate: $otherID
server/internal/handler/issue_view_test.go	140	TestUpdateIssueViewRevisionConflict	direct_handler	skipped	no_status_assertion	no `w.Code` comparison before line 154
server/internal/handler/issue_view_test.go	231	TestWorkspaceIssueViewVariant	direct_handler	skipped	value_unresolved	fixture needs values the runner cannot bind: $view.ID
server/internal/handler/issue_view_test.go	248	TestProjectIssueViewVariant	direct_handler	extracted	-	1 fixture(s)
server/internal/handler/issue_view_test.go	259	TestProjectIssueViewVariant	direct_handler	skipped	recorder_var_unresolved	recorder argument 'httptest.NewRecorder()' is not a plain variable
server/internal/handler/issue_view_test.go	338	TestPinIssueView	direct_handler	skipped	no_status_assertion	no `w.Code` comparison before line 357
server/internal/handler/issue_view_test.go	357	TestPinIssueView	direct_handler	skipped	body_unresolved	body_unresolved
server/internal/handler/issue_view_test.go	386	TestListPinsHidesViewPinsWithoutOptIn	direct_handler	skipped	body_unresolved	body_unresolved
server/internal/handler/issue_view_test.go	396	TestListPinsHidesViewPinsWithoutOptIn	direct_handler	skipped	path_not_literal	path_not_literal
server/internal/handler/issue_view_test.go	555	TestDeletingViewsSweepsTheirPins	direct_handler	skipped	body_unresolved	body_unresolved
server/internal/handler/issue_view_test.go	576	TestDeletingViewsSweepsTheirPins	direct_handler	skipped	value_unresolved	fixture needs values the runner cannot bind: $view.ID
server/internal/handler/issue_view_test.go	586	TestDeletingViewsSweepsTheirPins	direct_handler	extracted	-	1 fixture(s)
server/internal/handler/issue_view_test.go	608	TestDeletingViewsSweepsTheirPins	direct_handler	skipped	status_not_equality	`w.Code` is only bounded ([300]) before line 615, which pins no status
server/internal/handler/issue_wakeup_close_test.go	28	TestIssueCloseStopsWakeupsInApplication	testutil.Call	skipped	request_var_unresolved	request expression is not traceable
server/internal/handler/issue_wakeup_close_test.go	32	TestIssueCloseStopsWakeupsInApplication	testutil.Call	skipped	request_var_unresolved	request expression is not traceable
server/internal/handler/issue_wakeup_test.go	28	TestIssueWakeupAPIAndTrustedOrigin	direct_handler	skipped	body_unresolved	body_unresolved
server/internal/handler/issue_wakeup_test.go	41	TestIssueWakeupAPIAndTrustedOrigin	direct_handler	skipped	body_unresolved	body_unresolved
server/internal/handler/issue_wakeup_test.go	50	TestIssueWakeupAPIAndTrustedOrigin	direct_handler	skipped	path_not_registered	GET / is not in docs/fixtures/upstream-routes.tsv
server/internal/handler/issue_wakeup_test.go	64	TestIssueWakeupAPIAndTrustedOrigin	direct_handler	skipped	path_not_registered	POST / is not in docs/fixtures/upstream-routes.tsv
server/internal/handler/issue_wakeup_test.go	89	TestIssueWakeupAPIAndTrustedOrigin	direct_handler	skipped	no_status_assertion	no `rec.Code` comparison before line 103
server/internal/handler/issue_wakeup_test.go	130	TestWorkspaceWakeupSummariesScopeAndBounds	direct_handler	skipped	no_status_assertion	no `rec.Code` comparison before line 168
server/internal/handler/issue_wakeup_test.go	168	TestWorkspaceWakeupSummariesScopeAndBounds	direct_handler	skipped	path_not_registered	GET / is not in docs/fixtures/upstream-routes.tsv
server/internal/handler/issue_wakeup_test.go	208	TestWakeupDeferredRunSnapshotPreservesOrigin	direct_handler	skipped	path_not_registered	GET / is not in docs/fixtures/upstream-routes.tsv
server/internal/handler/issue_wakeup_test.go	294	TestIssueWakeupCapacityReturnsActionableError	direct_handler	skipped	body_unresolved	body_unresolved
server/internal/handler/issue_wakeup_test.go	313	TestIssueWakeupActorFilterAPIAndProjection	direct_handler	skipped	ambiguous_status	`rec.Code` comparisons in the same block: [200, 201]
server/internal/handler/issue_wakeup_test.go	364	TestIssueWakeupInstructionAPI	testutil.Call	skipped	ambiguous_status	.Want() status tokens: []
server/internal/handler/label_test.go	22	TestLabelCRUD	direct_handler	extracted	-	1 fixture(s)
server/internal/handler/label_test.go	37	TestLabelCRUD	direct_handler	skipped	no_status_assertion	no `w.Code` comparison before line 46
server/internal/handler/label_test.go	46	TestLabelCRUD	direct_handler	extracted	-	1 fixture(s)
server/internal/handler/label_test.go	57	TestLabelCRUD	direct_handler	extracted	-	1 fixture(s)
server/internal/handler/label_test.go	65	TestLabelCRUD	direct_handler	extracted	-	1 fixture(s)
server/internal/handler/label_test.go	82	TestLabelCRUD	direct_handler	skipped	value_unresolved	fixture needs values the runner cannot bind: $created.ID
server/internal/handler/label_test.go	94	TestLabelCRUD	direct_handler	skipped	value_unresolved	fixture needs values the runner cannot bind: $created.ID
server/internal/handler/label_test.go	114	TestIssueLabelAttachDetach	direct_handler	extracted	-	1 fixture(s)
server/internal/handler/label_test.go	128	TestIssueLabelAttachDetach	direct_handler	skipped	no_status_assertion	no `w.Code` comparison before line 137
server/internal/handler/label_test.go	137	TestIssueLabelAttachDetach	direct_handler	skipped	no_status_assertion	no `w.Code` comparison before line 146
server/internal/handler/label_test.go	146	TestIssueLabelAttachDetach	direct_handler	skipped	body_unresolved	body_unresolved
server/internal/handler/label_test.go	157	TestIssueLabelAttachDetach	direct_handler	skipped	body_unresolved	body_unresolved
server/internal/handler/label_test.go	166	TestIssueLabelAttachDetach	direct_handler	skipped	value_unresolved	fixture needs values the runner cannot bind: $issue.ID
server/internal/handler/label_test.go	185	TestIssueLabelAttachDetach	direct_handler	skipped	value_unresolved	fixture needs values the runner cannot bind: $issue.ID, $label.ID
server/internal/handler/label_test.go	194	TestIssueLabelAttachDetach	direct_handler	skipped	no_status_assertion	no `w.Code` comparison before line 199
server/internal/handler/label_test.go	208	TestIssueLabelRejectsNonIssueScope	direct_handler	extracted	-	1 fixture(s)
server/internal/handler/label_test.go	223	TestIssueLabelRejectsNonIssueScope	direct_handler	skipped	body_unresolved	body_unresolved
server/internal/handler/label_test.go	235	TestIssueLabelRejectsNonIssueScope	direct_handler	skipped	no_status_assertion	no `w.Code` comparison before line 243
server/internal/handler/label_test.go	243	TestIssueLabelRejectsNonIssueScope	direct_handler	skipped	body_unresolved	body_unresolved
server/internal/handler/label_test.go	251	TestIssueLabelRejectsNonIssueScope	direct_handler	skipped	value_unresolved	fixture needs values the runner cannot bind: $issue.ID, $label.ID
server/internal/handler/label_test.go	265	TestLabelNotFoundAcrossWorkspaces	direct_handler	extracted	-	1 fixture(s)
server/internal/handler/label_test.go	277	TestLabelNotFoundAcrossWorkspaces	direct_handler	skipped	no_status_assertion	no `w.Code` comparison before line 285
server/internal/handler/label_test.go	285	TestLabelNotFoundAcrossWorkspaces	direct_handler	skipped	value_unresolved	fixture needs values the runner cannot bind: $label.ID
server/internal/handler/label_test.go	301	TestUpdateLabelCrossWorkspace	direct_handler	extracted	-	1 fixture(s)
server/internal/handler/label_test.go	313	TestUpdateLabelCrossWorkspace	direct_handler	skipped	no_status_assertion	no `w.Code` comparison before line 321
server/internal/handler/label_test.go	321	TestUpdateLabelCrossWorkspace	direct_handler	skipped	value_unresolved	fixture needs values the runner cannot bind: $label.ID
server/internal/handler/label_test.go	330	TestUpdateLabelCrossWorkspace	direct_handler	skipped	value_unresolved	fixture needs values the runner cannot bind: $label.ID
server/internal/handler/label_test.go	353	TestAttachLabelCrossWorkspaceLabel	direct_handler	extracted	-	1 fixture(s)
server/internal/handler/label_test.go	381	TestAttachLabelCrossWorkspaceLabel	direct_handler	skipped	body_unresolved	body_unresolved
server/internal/handler/label_test.go	390	TestAttachLabelCrossWorkspaceLabel	direct_handler	skipped	no_status_assertion	no `w.Code` comparison before line 398
server/internal/handler/label_test.go	408	TestLabelNameTooLong	direct_handler	skipped	body_unresolved	body_unresolved
server/internal/handler/label_test.go	420	TestLabelNameTooLong	direct_handler	skipped	body_unresolved	body_unresolved
server/internal/handler/label_test.go	430	TestLabelNameTooLong	direct_handler	skipped	no_status_assertion	no `w.Code` comparison before line 432
server/internal/handler/label_test.go	444	TestLabelNameRejectsControlCharacters	direct_handler	skipped	no_status_assertion	no `w.Code` comparison before line 451
server/internal/handler/label_test.go	451	TestLabelNameRejectsControlCharacters	direct_handler	skipped	no_status_assertion	no `w.Code` comparison before line 459
server/internal/handler/label_test.go	459	TestLabelNameRejectsControlCharacters	direct_handler	skipped	request_var_unresolved	request argument 'req' is not traceable
server/internal/handler/label_test.go	482	TestLabelNameAllowsEmoji	direct_handler	extracted	-	1 fixture(s)
server/internal/handler/label_test.go	496	TestLabelNameAllowsEmoji	direct_handler	skipped	no_status_assertion	no `w.Code` comparison before line 498
server/internal/handler/label_test.go	510	TestLabelResourceTypesHaveIndependentNamespaces	direct_handler	skipped	request_var_unresolved	request argument 'req' is not traceable
server/internal/handler/label_test.go	525	TestLabelResourceTypesHaveIndependentNamespaces	direct_handler	skipped	no_status_assertion	no `w.Code` comparison before line 528
server/internal/handler/label_test.go	537	TestDeleteResourceLabelCleansAssignments	direct_handler	skipped	body_unresolved	body_unresolved
server/internal/handler/label_test.go	570	TestDeleteResourceLabelCleansAssignments	direct_handler	skipped	request_var_unresolved	request argument 'req' is not traceable
server/internal/handler/label_test.go	600	TestLabelRejectsUnknownResourceType	direct_handler	extracted	-	1 fixture(s)
server/internal/handler/label_test.go	627	TestColorCaseNormalization	direct_handler	skipped	request_var_unresolved	request argument 'req' is not traceable
server/internal/handler/label_test.go	640	TestColorCaseNormalization	direct_handler	skipped	no_status_assertion	no `w.Code` comparison before line 643
server/internal/handler/lark_test.go	28	TestRevokeLarkInstallation_NotConfigured	direct_handler	extracted	-	1 fixture(s)
server/internal/handler/lark_test.go	38	TestRedeemLarkBindingToken_NotConfigured	direct_handler	extracted	-	1 fixture(s)
server/internal/handler/lark_test.go	54	TestBeginLarkInstall_NotConfigured	direct_handler	extracted	-	1 fixture(s)
server/internal/handler/lark_test.go	64	TestGetLarkInstallStatus_NotConfigured	direct_handler	extracted	-	1 fixture(s)
server/internal/handler/lark_test.go	78	TestListLarkInstallations_NotConfiguredReturnsEmpty	direct_handler	extracted	-	1 fixture(s)
server/internal/handler/lark_test.go	115	TestListLarkInstallations_StubClientReportsInstallNotSupported	direct_handler	extracted	-	1 fixture(s)
server/internal/handler/lark_test.go	147	TestListLarkInstallations_NotConfigured_HardCodedInstallSupportedFalse	direct_handler	extracted	-	1 fixture(s)
server/internal/handler/lark_test.go	287	?	direct_handler	helper_site	-	request built inside a test helper, asserted by its callers
server/internal/handler/lark_test.go	351	TestGetLarkInstallStatus_ScopedToInitiatorOrAdmin	direct_handler	skipped	no_status_assertion	no `w.Code` comparison before line 364
server/internal/handler/lark_test.go	401	TestRevokeLarkInstallation_AuthorizesAgentOwnerAndAdmins	direct_handler	skipped	no_status_assertion	no `w.Code` comparison before line 417
server/internal/handler/lark_test.go	459	TestRevokeLarkInstallation_OrphanCleanableByAdminNotMember	direct_handler	skipped	no_status_assertion	no `w.Code` comparison before line 471
server/internal/handler/mika_agent_test.go	20	?	direct_handler	helper_site	-	request built inside a test helper, asserted by its callers
server/internal/handler/mika_agent_test.go	196	TestArchiveMikaIsRejected	direct_handler	skipped	request_var_unresolved	request argument 'req' is not traceable
server/internal/handler/mika_onboarding_endpoint_test.go	23	?	direct_handler	helper_site	-	request built inside a test helper, asserted by its callers
server/internal/handler/mika_onboarding_endpoint_test.go	153	TestStartMikaOnboarding_WritesTheOpeningWithoutRunningAnAgent	direct_handler	skipped	request_var_unresolved	request argument 'listReq' is not traceable
server/internal/handler/mika_second_member_test.go	43	?	direct_handler	helper_site	-	request built inside a test helper, asserted by its callers
server/internal/handler/mika_second_member_test.go	103	TestStartMikaOnboarding_AllowsAnyMemberNotJustTheOwner	direct_handler	skipped	request_var_unresolved	request argument 'req' is not traceable
server/internal/handler/notification_preference_test.go	60	TestPatchNotificationPreferencesMergesWithoutReplacing	direct_handler	skipped	body_unresolved	body_unresolved
server/internal/handler/notification_preference_test.go	71	TestPatchNotificationPreferencesMergesWithoutReplacing	direct_handler	skipped	body_unresolved	body_unresolved
server/internal/handler/notification_preference_test.go	99	TestPatchNotificationPreferencesMergesWithoutReplacing	direct_handler	skipped	body_unresolved	body_unresolved
server/internal/handler/notification_preference_test.go	142	TestPatchNotificationPreferencesAcceptsMentions	direct_handler	skipped	body_unresolved	body_unresolved
server/internal/handler/notification_preference_test.go	169	TestPatchNotificationPreferencesRejectsUnknownGroups	direct_handler	skipped	body_unresolved	body_unresolved
server/internal/handler/onboarding_test.go	59	TestJoinCloudWaitlistRecordsEmailAndReason	direct_handler	skipped	value_unresolved	member identity needs values the runner cannot fabricate: $userID
server/internal/handler/onboarding_test.go	97	TestJoinCloudWaitlistAllowsEmptyReason	direct_handler	skipped	value_unresolved	member identity needs values the runner cannot fabricate: $userID
server/internal/handler/onboarding_test.go	126	TestJoinCloudWaitlistMissingEmailReturns400	direct_handler	skipped	request_var_unresolved	request argument 'req' is not traceable
server/internal/handler/onboarding_test.go	141	TestJoinCloudWaitlistRejectsOverlongReason	direct_handler	skipped	body_unresolved	body_unresolved
server/internal/handler/onboarding_test.go	156	TestJoinCloudWaitlistSecondCallOverwrites	direct_handler	skipped	value_unresolved	member identity needs values the runner cannot fabricate: $userID
server/internal/handler/onboarding_test.go	167	TestJoinCloudWaitlistSecondCallOverwrites	direct_handler	skipped	value_unresolved	member identity needs values the runner cannot fabricate: $userID
server/internal/handler/onboarding_test.go	249	TestBootstrapOnboardingRuntimeCreatesSingleGuideIssue	direct_handler	skipped	body_unresolved	body_unresolved
server/internal/handler/onboarding_test.go	343	TestBootstrapOnboardingRuntimeCreatesSingleGuideIssue	direct_handler	skipped	body_unresolved	body_unresolved
server/internal/handler/onboarding_test.go	403	TestBootstrapOnboardingRuntime_WithStarterPrompt	direct_handler	skipped	body_unresolved	body_unresolved
server/internal/handler/onboarding_test.go	468	TestBootstrapOnboardingRuntime_NoStarterPrompt	direct_handler	skipped	body_unresolved	body_unresolved
server/internal/handler/onboarding_test.go	517	TestBootstrapOnboardingNoRuntimeCreatesSingleGuideIssue	direct_handler	skipped	body_unresolved	body_unresolved
server/internal/handler/onboarding_test.go	598	TestBootstrapOnboardingNoRuntimeCreatesSingleGuideIssue	direct_handler	skipped	body_unresolved	body_unresolved
server/internal/handler/onboarding_test.go	640	TestBootstrapOnboardingNoRuntimeUsesChineseGuideForChineseUsers	direct_handler	skipped	body_unresolved	body_unresolved
server/internal/handler/onboarding_test.go	706	?	direct_handler	helper_site	-	request built inside a test helper, asserted by its callers
server/internal/handler/personal_access_token_test.go	74	TestRenewPAT_ExtendsWhenInsideRenewalWindow	direct_handler	extracted	-	1 fixture(s)
server/internal/handler/personal_access_token_test.go	107	TestRenewPAT_NoOpWhenOutsideRenewalWindow	direct_handler	extracted	-	1 fixture(s)
server/internal/handler/personal_access_token_test.go	131	TestRenewPAT_RejectsExpiredToken	direct_handler	extracted	-	1 fixture(s)
server/internal/handler/personal_access_token_test.go	149	TestRenewPAT_RejectsRevokedToken	direct_handler	extracted	-	1 fixture(s)
server/internal/handler/personal_access_token_test.go	172	TestRenewPAT_RejectsNonPATAuthHeader	direct_handler	skipped	request_var_unresolved	request argument 'req' is not traceable
server/internal/handler/personal_access_token_test.go	186	TestRenewPAT_HandlesNullExpiresAt	direct_handler	extracted	-	1 fixture(s)
server/internal/handler/personal_access_token_test.go	207	TestRenewPAT_ConcurrentRenewIsIdempotent	direct_handler	extracted	-	1 fixture(s)
server/internal/handler/personal_access_token_test.go	217	TestRenewPAT_ConcurrentRenewIsIdempotent	direct_handler	extracted	-	1 fixture(s)
server/internal/handler/personal_access_token_test.go	280	TestRenewPAT_ParallelRenewExtendsExactlyOnce	direct_handler	skipped	no_status_assertion	no `w.Code` comparison before line 319
server/internal/handler/personal_access_token_test.go	363	TestRenewPAT_RejectsTokenBelongingToDifferentUser	direct_handler	extracted	-	1 fixture(s)
server/internal/handler/plugin_action_test.go	44	?	direct_handler	helper_site	-	request built inside a test helper, asserted by its callers
server/internal/handler/plugin_action_test.go	86	TestPluginActionRequiresTheFeatureFlag	direct_handler	extracted	-	1 fixture(s)
server/internal/handler/plugin_action_test.go	112	TestPluginInstallTokenRunsIssueCommentWorkflow	direct_handler	extracted	-	1 fixture(s)
server/internal/handler/plugin_action_test.go	122	TestPluginInstallTokenRunsIssueCommentWorkflow	direct_handler	extracted	-	1 fixture(s)
server/internal/handler/plugin_action_test.go	128	TestPluginInstallTokenRunsIssueCommentWorkflow	direct_handler	extracted	-	1 fixture(s)
server/internal/handler/plugin_action_test.go	142	TestPluginInstallTokenRunsIssueCommentWorkflow	direct_handler	extracted	-	1 fixture(s)
server/internal/handler/plugin_action_test.go	160	TestPluginInstallTokenEnforcesGrantedScope	direct_handler	extracted	-	1 fixture(s)
server/internal/handler/plugin_action_test.go	180	TestPluginActionRequiresAGrantedScope	direct_handler	skipped	path_not_registered	GET /issues is not in docs/fixtures/upstream-routes.tsv
server/internal/handler/plugin_action_test.go	187	TestPluginActionRequiresAGrantedScope	direct_handler	skipped	path_not_registered	POST /comments is not in docs/fixtures/upstream-routes.tsv
server/internal/handler/plugin_action_test.go	209	TestPluginIssueUsesStableDTOAndRevisionETag	direct_handler	skipped	value_unresolved	fixture needs values the runner cannot bind: $installationID
server/internal/handler/plugin_action_test.go	239	TestPluginIssueUsesStableDTOAndRevisionETag	direct_handler	skipped	value_unresolved	fixture needs values the runner cannot bind: $installationID, $wantETag
server/internal/handler/plugin_action_test.go	258	TestPluginIssueUsesStableDTOAndRevisionETag	direct_handler	skipped	value_unresolved	fixture needs values the runner cannot bind: $installationID, $wantETag
server/internal/handler/plugin_action_test.go	276	TestPluginIssueConditionalPatchHasSingleWinner	direct_handler	skipped	value_unresolved	fixture needs values the runner cannot bind: $installationID
server/internal/handler/plugin_action_test.go	295	TestPluginIssueConditionalPatchHasSingleWinner	direct_handler	skipped	no_status_assertion	no `response.Code` comparison before line 310
server/internal/handler/plugin_action_test.go	319	TestPluginActionRefusedWithoutAnInstallation	direct_handler	skipped	path_not_registered	GET /issues is not in docs/fixtures/upstream-routes.tsv
server/internal/handler/plugin_action_test.go	327	TestPluginActionRefusedWithoutAnInstallation	direct_handler	skipped	path_not_registered	GET /issues is not in docs/fixtures/upstream-routes.tsv
server/internal/handler/plugin_action_test.go	339	TestPluginActionStopsWhenTheInstallationIsDisabled	direct_handler	skipped	body_unresolved	body_unresolved
server/internal/handler/plugin_action_test.go	348	TestPluginActionStopsWhenTheInstallationIsDisabled	direct_handler	skipped	path_not_registered	GET /issues is not in docs/fixtures/upstream-routes.tsv
server/internal/handler/plugin_action_test.go	360	TestPluginCommentIsAuthoredByTheUserAndMarkedWithThePlugin	direct_handler	skipped	path_not_registered	POST /comments is not in docs/fixtures/upstream-routes.tsv
server/internal/handler/plugin_action_test.go	396	TestPluginActionCannotReachAnotherWorkspacesIssue	direct_handler	skipped	path_not_registered	GET /issues is not in docs/fixtures/upstream-routes.tsv
server/internal/handler/plugin_callback_test.go	79	TestCallbackFromAUserTriggeredHookWritesAsTheUser	direct_handler	skipped	body_unresolved	body_unresolved
server/internal/handler/plugin_callback_test.go	110	TestCallbackFromAnEventHookWritesAsThePlugin	direct_handler	skipped	body_unresolved	body_unresolved
server/internal/handler/plugin_callback_test.go	139	TestCallbackTokenServesTheWholeInvocation	direct_handler	skipped	body_unresolved	body_unresolved
server/internal/handler/plugin_callback_test.go	147	TestCallbackTokenServesTheWholeInvocation	direct_handler	skipped	body_unresolved	body_unresolved
server/internal/handler/plugin_callback_test.go	158	TestCallbackTokenServesTheWholeInvocation	direct_handler	skipped	body_unresolved	body_unresolved
server/internal/handler/plugin_callback_test.go	176	TestPluginActorCannotReachUserStorage	direct_handler	skipped	body_unresolved	body_unresolved
server/internal/handler/plugin_callback_test.go	196	TestPluginContextOmitsTheUserForAPluginActor	direct_handler	skipped	body_unresolved	body_unresolved
server/internal/handler/plugin_callback_test.go	261	TestCallbackTokenCannotReachAnotherIssue	direct_handler	skipped	body_unresolved	body_unresolved
server/internal/handler/plugin_callback_test.go	269	TestCallbackTokenCannotReachAnotherIssue	direct_handler	skipped	body_unresolved	body_unresolved
server/internal/handler/plugin_callback_test.go	276	TestCallbackTokenCannotReachAnotherIssue	direct_handler	skipped	body_unresolved	body_unresolved
server/internal/handler/plugin_callback_test.go	297	TestCallbackTokenWithoutAnIssueIsNotNarrowed	direct_handler	skipped	body_unresolved	body_unresolved
server/internal/handler/plugin_example_test.go	185	?	direct_handler	helper_site	-	request built inside a test helper, asserted by its callers
server/internal/handler/plugin_example_test.go	197	?	direct_handler	helper_site	-	request built inside a test helper, asserted by its callers
server/internal/handler/plugin_example_test.go	213	?	direct_handler	helper_site	-	request built inside a test helper, asserted by its callers
server/internal/handler/plugin_example_test.go	387	TestExamplePluginMCPToolsNeedApproval	direct_handler	skipped	body_unresolved	body_unresolved
server/internal/handler/plugin_example_test.go	422	TestExamplePluginMCPToolsNeedApproval	direct_handler	skipped	body_unresolved	body_unresolved
server/internal/handler/plugin_hook_test.go	58	?	direct_handler	helper_site	-	request built inside a test helper, asserted by its callers
server/internal/handler/plugin_hook_test.go	92	TestInvokePluginHookRefusesHostDrivenTriggers	direct_handler	skipped	body_unresolved	body_unresolved
server/internal/handler/plugin_hook_test.go	108	TestInvokePluginHookRefusesTriggerTheManifestDidNotDeclare	direct_handler	skipped	body_unresolved	body_unresolved
server/internal/handler/plugin_hook_test.go	123	TestInvokePluginHookRefusesUnknownHook	direct_handler	skipped	body_unresolved	body_unresolved
server/internal/handler/plugin_hook_test.go	134	TestInvokePluginHookRequiresTheFeatureFlag	direct_handler	skipped	body_unresolved	body_unresolved
server/internal/handler/plugin_hook_test.go	148	TestInvokePluginHookRefusesDisabledInstallation	direct_handler	skipped	body_unresolved	body_unresolved
server/internal/handler/plugin_hook_test.go	156	TestInvokePluginHookRefusesDisabledInstallation	direct_handler	skipped	body_unresolved	body_unresolved
server/internal/handler/plugin_hook_test.go	236	TestRotatePluginTokenPreservesPreviousTokenWhenPreparationFails	direct_handler	skipped	no_status_assertion	no `response.Code` comparison before line 245
server/internal/handler/plugin_hook_test.go	256	TestRevokePluginTokenStopsAuthentication	direct_handler	skipped	body_unresolved	body_unresolved
server/internal/handler/plugin_hook_test.go	281	?	direct_handler	helper_site	-	request built inside a test helper, asserted by its callers
server/internal/handler/plugin_hook_test.go	352	TestEventDispatchRespectsTheFeatureFlagEndToEnd	direct_handler	skipped	body_unresolved	body_unresolved
server/internal/handler/plugin_mcp_test.go	65	?	direct_handler	helper_site	-	request built inside a test helper, asserted by its callers
server/internal/handler/plugin_mcp_test.go	77	?	direct_handler	helper_site	-	request built inside a test helper, asserted by its callers
server/internal/handler/plugin_mcp_test.go	86	?	direct_handler	helper_site	-	request built inside a test helper, asserted by its callers
server/internal/handler/plugin_mcp_test.go	151	TestMCPHookWithoutANetScopeCannotBePublished	direct_handler	skipped	body_unresolved	body_unresolved
server/internal/handler/plugin_package_concurrency_test.go	48	TestDeleteAndInstallRaceLeavesNoDanglingInstallation	direct_handler	skipped	no_status_assertion	no `recorder.Code` comparison before line 54
server/internal/handler/plugin_package_concurrency_test.go	54	TestDeleteAndInstallRaceLeavesNoDanglingInstallation	direct_handler	skipped	no_status_assertion	no `recorder.Code` comparison before line 72
server/internal/handler/plugin_package_concurrency_test.go	95	TestPublishAndDeleteRaceLeavesNoOrphanVersion	direct_handler	skipped	no_status_assertion	no `recorder.Code` comparison before line 113
server/internal/handler/plugin_package_test.go	90	?	direct_handler	helper_site	-	request built inside a test helper, asserted by its callers
server/internal/handler/plugin_package_test.go	111	?	direct_handler	helper_site	-	request built inside a test helper, asserted by its callers
server/internal/handler/plugin_package_test.go	136	?	direct_handler	helper_site	-	request built inside a test helper, asserted by its callers
server/internal/handler/plugin_package_test.go	152	?	direct_handler	helper_site	-	request built inside a test helper, asserted by its callers
server/internal/handler/plugin_package_test.go	271	TestDeletePublishedPackageRefusesWhileInstalled	direct_handler	skipped	body_unresolved	body_unresolved
server/internal/handler/plugin_package_test.go	277	TestDeletePublishedPackageRefusesWhileInstalled	direct_handler	skipped	body_unresolved	body_unresolved
server/internal/handler/plugin_package_test.go	285	TestDeletePublishedPackageRefusesWhileInstalled	direct_handler	skipped	body_unresolved	body_unresolved
server/internal/handler/plugin_package_test.go	319	TestSurfaceScriptRefusesWhatWasNeverInstalled	direct_handler	skipped	body_unresolved	body_unresolved
server/internal/handler/plugin_skill_test.go	61	?	direct_handler	helper_site	-	request built inside a test helper, asserted by its callers
server/internal/handler/plugin_skill_test.go	121	TestPluginSkillInstallsAndIsRemovedOnUninstall	direct_handler	skipped	body_unresolved	body_unresolved
server/internal/handler/plugin_skill_test.go	191	TestPluginSkillWillNotOverwriteAHumanAuthoredSkill	direct_handler	skipped	body_unresolved	body_unresolved
server/internal/handler/plugin_surface_test.go	150	TestPluginSurfaceLaunchDistinguishesDisabledFromMisconfigured	direct_handler	skipped	no_status_assertion	no `recorder.Code` comparison before line 164
server/internal/handler/plugin_surface_test.go	178	TestServePluginSurfaceRejectsConfiguredAppOriginBeforeOpeningToken	direct_handler	skipped	body_unresolved	body_unresolved
server/internal/handler/plugin_test.go	188	?	direct_handler	helper_site	-	request built inside a test helper, asserted by its callers
server/internal/handler/plugin_test.go	232	TestPluginScheduleLifecycleReconcilesAtomically	direct_handler	skipped	body_unresolved	body_unresolved
server/internal/handler/plugin_test.go	262	TestPluginScheduleLifecycleReconcilesAtomically	direct_handler	skipped	body_unresolved	body_unresolved
server/internal/handler/plugin_test.go	281	TestPluginScheduleLifecycleReconcilesAtomically	direct_handler	skipped	body_unresolved	body_unresolved
server/internal/handler/plugin_test.go	298	TestPluginScheduleLifecycleReconcilesAtomically	direct_handler	skipped	body_unresolved	body_unresolved
server/internal/handler/plugin_test.go	313	TestPluginScheduleLifecycleReconcilesAtomically	direct_handler	skipped	body_unresolved	body_unresolved
server/internal/handler/plugin_test.go	329	TestPluginScheduleLifecycleReconcilesAtomically	direct_handler	skipped	body_unresolved	body_unresolved
server/internal/handler/plugin_test.go	348	TestPluginScheduleLifecycleReconcilesAtomically	direct_handler	skipped	body_unresolved	body_unresolved
server/internal/handler/plugin_test.go	355	TestPluginScheduleLifecycleReconcilesAtomically	direct_handler	skipped	body_unresolved	body_unresolved
server/internal/handler/plugin_test.go	395	TestPluginPreviewShowsScopesWithoutInstalling	direct_handler	skipped	body_unresolved	body_unresolved
server/internal/handler/plugin_test.go	414	TestPluginPreviewShowsScopesWithoutInstalling	direct_handler	skipped	body_unresolved	body_unresolved
server/internal/handler/plugin_test.go	436	TestPluginInstallRequiresExactConsent	direct_handler	skipped	body_unresolved	body_unresolved
server/internal/handler/plugin_test.go	446	TestPluginInstallRequiresExactConsent	direct_handler	skipped	body_unresolved	body_unresolved
server/internal/handler/plugin_test.go	462	TestPluginInstallConfigureAndUninstall	direct_handler	skipped	body_unresolved	body_unresolved
server/internal/handler/plugin_test.go	483	TestPluginInstallConfigureAndUninstall	direct_handler	skipped	body_unresolved	body_unresolved
server/internal/handler/plugin_test.go	510	TestPluginInstallConfigureAndUninstall	direct_handler	skipped	body_unresolved	body_unresolved
server/internal/handler/plugin_test.go	517	TestPluginInstallConfigureAndUninstall	direct_handler	skipped	body_unresolved	body_unresolved
server/internal/handler/plugin_test.go	523	TestPluginInstallConfigureAndUninstall	direct_handler	skipped	body_unresolved	body_unresolved
server/internal/handler/plugin_test.go	529	TestPluginInstallConfigureAndUninstall	direct_handler	skipped	body_unresolved	body_unresolved
server/internal/handler/plugin_test.go	563	TestPluginPublishRejectsMalformedManifest	direct_handler	skipped	body_unresolved	body_unresolved
server/internal/handler/plugin_test.go	594	TestPluginPublishRejectsMissingSurfaceEntry	direct_handler	skipped	body_unresolved	body_unresolved
server/internal/handler/plugin_test.go	629	TestPluginInstallRejectsUnshippedCapabilities	direct_handler	skipped	body_unresolved	body_unresolved
server/internal/handler/plugin_test.go	655	TestPluginInstallAcceptsEveryCapabilityThisHostShips	direct_handler	skipped	body_unresolved	body_unresolved
server/internal/handler/plugin_test.go	677	TestPluginInstallAcceptsAShippedSurface	direct_handler	skipped	body_unresolved	body_unresolved
server/internal/handler/plugin_test.go	686	TestPluginInstallationFromAnotherWorkspaceIsNotFound	direct_handler	skipped	body_unresolved	body_unresolved
server/internal/handler/plugin_test.go	706	TestPluginUpgradePrunesSecretsTheNewManifestDropped	direct_handler	skipped	body_unresolved	body_unresolved
server/internal/handler/plugin_test.go	718	TestPluginUpgradePrunesSecretsTheNewManifestDropped	direct_handler	skipped	body_unresolved	body_unresolved
server/internal/handler/plugin_test.go	739	TestPluginUpgradePrunesSecretsTheNewManifestDropped	direct_handler	skipped	body_unresolved	body_unresolved
server/internal/handler/project_dates_test.go	31	TestProjectStartDueDateLifecycle	direct_handler	skipped	no_status_assertion	no `w.Code` comparison before line 50
server/internal/handler/project_dates_test.go	50	TestProjectStartDueDateLifecycle	direct_handler	skipped	no_status_assertion	no `w.Code` comparison before line 61
server/internal/handler/project_dates_test.go	61	TestProjectStartDueDateLifecycle	direct_handler	skipped	no_status_assertion	no `w.Code` comparison before line 75
server/internal/handler/project_dates_test.go	75	TestProjectStartDueDateLifecycle	direct_handler	skipped	no_status_assertion	no `w.Code` comparison before line 83
server/internal/handler/project_dates_test.go	90	TestSearchProjectsCarriesDates	direct_handler	skipped	no_status_assertion	no `w.Code` comparison before line 101
server/internal/handler/project_dates_test.go	101	TestSearchProjectsCarriesDates	direct_handler	extracted	-	1 fixture(s)
server/internal/handler/project_dates_test.go	129	TestProjectInvalidDateReturns400	direct_handler	extracted	-	1 fixture(s)
server/internal/handler/project_dates_test.go	139	TestProjectInvalidDateReturns400	direct_handler	skipped	no_status_assertion	no `w.Code` comparison before line 151
server/internal/handler/project_dates_test.go	151	TestProjectInvalidDateReturns400	direct_handler	skipped	value_unresolved	fixture needs values the runner cannot bind: $project.ID
server/internal/handler/project_resource_test.go	22	TestProjectResourceLifecycle	direct_handler	extracted	-	1 fixture(s)
server/internal/handler/project_resource_test.go	33	TestProjectResourceLifecycle	direct_handler	skipped	recorder_var_unresolved	recorder argument 'httptest.NewRecorder()' is not a plain variable
server/internal/handler/project_resource_test.go	46	TestProjectResourceLifecycle	direct_handler	skipped	value_unresolved	fixture needs values the runner cannot bind: $project.ID
server/internal/handler/project_resource_test.go	75	TestProjectResourceLifecycle	direct_handler	skipped	value_unresolved	fixture needs values the runner cannot bind: $project.ID
server/internal/handler/project_resource_test.go	103	TestProjectResourceLifecycle	direct_handler	skipped	value_unresolved	fixture needs values the runner cannot bind: $project.ID
server/internal/handler/project_resource_test.go	115	TestProjectResourceLifecycle	direct_handler	skipped	value_unresolved	fixture needs values the runner cannot bind: $project.ID
server/internal/handler/project_resource_test.go	127	TestProjectResourceLifecycle	direct_handler	skipped	value_unresolved	fixture needs values the runner cannot bind: $project.ID
server/internal/handler/project_resource_test.go	136	TestProjectResourceLifecycle	direct_handler	skipped	value_unresolved	fixture needs values the runner cannot bind: $created.ID, $project.ID
server/internal/handler/project_resource_test.go	145	TestProjectResourceLifecycle	direct_handler	skipped	no_status_assertion	no `w.Code` comparison before line 152
server/internal/handler/project_resource_test.go	163	TestProjectResourceAcceptsSSHRepoURLs	direct_handler	extracted	-	1 fixture(s)
server/internal/handler/project_resource_test.go	174	TestProjectResourceAcceptsSSHRepoURLs	direct_handler	skipped	recorder_var_unresolved	recorder argument 'httptest.NewRecorder()' is not a plain variable
server/internal/handler/project_resource_test.go	192	TestProjectResourceAcceptsSSHRepoURLs	direct_handler	extracted	-	1 fixture(s)
server/internal/handler/project_resource_test.go	262	TestProjectResourceLocalDirectoryLifecycle	direct_handler	skipped	request_var_unresolved	request argument 'req' is not traceable
server/internal/handler/project_resource_test.go	275	TestProjectResourceLocalDirectoryLifecycle	direct_handler	skipped	recorder_var_unresolved	recorder argument 'httptest.NewRecorder()' is not a plain variable
server/internal/handler/project_resource_test.go	299	TestProjectResourceLocalDirectoryLifecycle	direct_handler	skipped	body_unresolved	body_unresolved
server/internal/handler/project_resource_test.go	326	TestProjectResourceLocalDirectoryLifecycle	direct_handler	skipped	value_unresolved	fixture needs values the runner cannot bind: $projectA.ID
server/internal/handler/project_resource_test.go	353	TestProjectResourceLocalDirectoryLifecycle	direct_handler	skipped	body_unresolved	body_unresolved
server/internal/handler/project_resource_test.go	371	TestProjectResourceLocalDirectoryLifecycle	direct_handler	skipped	body_unresolved	body_unresolved
server/internal/handler/project_resource_test.go	380	TestProjectResourceLocalDirectoryLifecycle	direct_handler	skipped	value_unresolved	fixture needs values the runner cannot bind: $created.ID, $projectA.ID
server/internal/handler/project_resource_test.go	396	TestProjectResourceLocalDirectoryValidation	direct_handler	extracted	-	1 fixture(s)
server/internal/handler/project_resource_test.go	407	TestProjectResourceLocalDirectoryValidation	direct_handler	skipped	recorder_var_unresolved	recorder argument 'httptest.NewRecorder()' is not a plain variable
server/internal/handler/project_resource_test.go	430	TestProjectResourceLocalDirectoryValidation	direct_handler	extracted	-	1 fixture(s)
server/internal/handler/project_resource_test.go	482	TestCreateProjectAttachesResources	direct_handler	skipped	body_unresolved	body_unresolved
server/internal/handler/project_resource_test.go	496	TestCreateProjectAttachesResources	direct_handler	skipped	recorder_var_unresolved	recorder argument 'httptest.NewRecorder()' is not a plain variable
server/internal/handler/project_resource_test.go	512	TestProjectResourceCountBreadcrumb	direct_handler	extracted	-	1 fixture(s)
server/internal/handler/project_resource_test.go	523	TestProjectResourceCountBreadcrumb	direct_handler	skipped	recorder_var_unresolved	recorder argument 'httptest.NewRecorder()' is not a plain variable
server/internal/handler/project_resource_test.go	530	TestProjectResourceCountBreadcrumb	direct_handler	extracted	-	1 fixture(s)
server/internal/handler/project_resource_test.go	550	TestProjectResourceCountBreadcrumb	direct_handler	skipped	value_unresolved	fixture needs values the runner cannot bind: $project.ID
server/internal/handler/project_resource_test.go	561	TestProjectResourceCountBreadcrumb	direct_handler	extracted	-	1 fixture(s)
server/internal/handler/project_resource_test.go	615	TestProjectResourceCountBreadcrumb	direct_handler	skipped	value_unresolved	fixture needs values the runner cannot bind: $project.ID
server/internal/handler/project_resource_test.go	645	TestCreateProjectWithResourcesEchoesCount	direct_handler	skipped	body_unresolved	body_unresolved
server/internal/handler/project_resource_test.go	660	TestCreateProjectWithResourcesEchoesCount	direct_handler	skipped	recorder_var_unresolved	recorder argument 'httptest.NewRecorder()' is not a plain variable
server/internal/handler/project_resource_test.go	678	TestCreateProjectRollsBackOnInvalidResource	direct_handler	skipped	body_unresolved	body_unresolved
server/internal/handler/project_resource_test.go	687	TestCreateProjectRollsBackOnInvalidResource	direct_handler	extracted	-	1 fixture(s)
server/internal/handler/project_resource_test.go	713	TestProjectResourceUpdateLifecycle	direct_handler	extracted	-	1 fixture(s)
server/internal/handler/project_resource_test.go	724	TestProjectResourceUpdateLifecycle	direct_handler	skipped	recorder_var_unresolved	recorder argument 'httptest.NewRecorder()' is not a plain variable
server/internal/handler/project_resource_test.go	739	TestProjectResourceUpdateLifecycle	direct_handler	skipped	value_unresolved	fixture needs values the runner cannot bind: $project.ID
server/internal/handler/project_resource_test.go	757	TestProjectResourceUpdateLifecycle	direct_handler	skipped	value_unresolved	fixture needs values the runner cannot bind: $created.ID, $project.ID
server/internal/handler/project_resource_test.go	790	TestProjectResourceUpdateLifecycle	direct_handler	skipped	value_unresolved	fixture needs values the runner cannot bind: $created.ID, $project.ID
server/internal/handler/project_resource_test.go	828	TestProjectResourceUpdateLifecycle	direct_handler	skipped	value_unresolved	fixture needs values the runner cannot bind: $created.ID, $project.ID
server/internal/handler/project_resource_test.go	852	TestProjectResourceUpdateLifecycle	direct_handler	skipped	value_unresolved	fixture needs values the runner cannot bind: $created.ID, $project.ID
server/internal/handler/project_resource_test.go	863	TestProjectResourceUpdateLifecycle	direct_handler	skipped	value_unresolved	fixture needs values the runner cannot bind: $project.ID
server/internal/handler/project_resource_test.go	882	TestProjectResourceLabelConvergence	direct_handler	extracted	-	1 fixture(s)
server/internal/handler/project_resource_test.go	893	TestProjectResourceLabelConvergence	direct_handler	skipped	recorder_var_unresolved	recorder argument 'httptest.NewRecorder()' is not a plain variable
server/internal/handler/project_resource_test.go	908	TestProjectResourceLabelConvergence	direct_handler	skipped	value_unresolved	fixture needs values the runner cannot bind: $project.ID
server/internal/handler/project_resource_test.go	922	TestProjectResourceLabelConvergence	direct_handler	skipped	value_unresolved	fixture needs values the runner cannot bind: $project.ID
server/internal/handler/project_resource_test.go	1074	TestProjectResourceLocalDirectoryDaemonScopedConflict	direct_handler	extracted	-	1 fixture(s)
server/internal/handler/project_resource_test.go	1085	TestProjectResourceLocalDirectoryDaemonScopedConflict	direct_handler	skipped	recorder_var_unresolved	recorder argument 'httptest.NewRecorder()' is not a plain variable
server/internal/handler/project_resource_test.go	1105	TestProjectResourceLocalDirectoryDaemonScopedConflict	direct_handler	skipped	body_unresolved	body_unresolved
server/internal/handler/project_resource_test.go	1126	TestProjectResourceLocalDirectoryDaemonScopedConflict	direct_handler	skipped	body_unresolved	body_unresolved
server/internal/handler/project_resource_test.go	1144	TestProjectResourceLocalDirectoryDaemonScopedConflict	direct_handler	skipped	body_unresolved	body_unresolved
server/internal/handler/project_resource_test.go	1161	TestProjectResourceLocalDirectoryDaemonScopedConflict	direct_handler	skipped	body_unresolved	body_unresolved
server/internal/handler/project_resource_test.go	1181	TestProjectResourceLocalDirectoryDaemonScopedConflict	direct_handler	skipped	body_unresolved	body_unresolved
server/internal/handler/project_resource_test.go	1197	TestProjectResourceLocalDirectoryDaemonScopedConflict	direct_handler	skipped	body_unresolved	body_unresolved
server/internal/handler/project_resource_test.go	1231	TestCreateProjectBundledLocalDirectoryDaemonConflict	direct_handler	skipped	body_unresolved	body_unresolved
server/internal/handler/project_resource_test.go	1239	TestCreateProjectBundledLocalDirectoryDaemonConflict	direct_handler	extracted	-	1 fixture(s)
server/internal/handler/project_resource_test.go	1280	TestCreateProjectBundledLocalDirectoryDaemonConflict	direct_handler	skipped	body_unresolved	body_unresolved
server/internal/handler/project_resource_test.go	1309	TestCreateProjectBundledLocalDirectoryDaemonConflict	direct_handler	skipped	body_unresolved	body_unresolved
server/internal/handler/project_resource_test.go	1323	TestCreateProjectBundledLocalDirectoryDaemonConflict	direct_handler	skipped	recorder_var_unresolved	recorder argument 'httptest.NewRecorder()' is not a plain variable
server/internal/handler/project_resource_test.go	1489	TestCreateProjectGatesWorktreeLocalDirectory	direct_handler	skipped	body_unresolved	body_unresolved
server/internal/handler/project_resource_test.go	1506	TestCreateProjectGatesWorktreeLocalDirectory	direct_handler	skipped	no_status_assertion	no `lw.Code` comparison before line 1510
server/internal/handler/project_resource_test.go	1519	?	direct_handler	helper_site	-	request built inside a test helper, asserted by its callers
server/internal/handler/project_resource_test.go	1530	?	direct_handler	helper_site	-	request built inside a test helper, asserted by its callers
server/internal/handler/project_resource_test.go	1543	?	direct_handler	helper_site	-	request built inside a test helper, asserted by its callers
server/internal/handler/project_resource_test.go	1582	TestProjectResourceStaleRefSnapshotDoesNotRollBackARename	direct_handler	skipped	request_var_unresolved	request argument 'req' is not traceable
server/internal/handler/project_resource_test.go	1678	TestProjectResourceLegacyRenameSkipsWorktreeGate	direct_handler	skipped	body_unresolved	body_unresolved
server/internal/handler/project_resource_test.go	1695	TestProjectResourceLegacyRenameSkipsWorktreeGate	direct_handler	skipped	body_unresolved	body_unresolved
server/internal/handler/project_resource_test.go	1765	TestProjectResourceRejectsInvalidCheckoutRef	direct_handler	extracted	-	1 fixture(s)
server/internal/handler/project_resource_test.go	1776	TestProjectResourceRejectsInvalidCheckoutRef	direct_handler	skipped	recorder_var_unresolved	recorder argument 'httptest.NewRecorder()' is not a plain variable
server/internal/handler/project_resource_test.go	1789	TestProjectResourceRejectsInvalidCheckoutRef	direct_handler	skipped	ambiguous_status	`w.Code` comparisons in the same block: [201, 400]
server/internal/handler/project_resource_test.go	1824	TestProjectResourceRejectsInvalidCheckoutRef	direct_handler	skipped	value_unresolved	fixture needs values the runner cannot bind: $created.ID, $project.ID
server/internal/handler/project_resource_test.go	1832	TestProjectResourceRejectsInvalidCheckoutRef	direct_handler	skipped	no_status_assertion	no `w.Code` comparison before line 1860
server/internal/handler/project_resource_test.go	1860	TestProjectResourceRejectsInvalidCheckoutRef	direct_handler	skipped	value_unresolved	fixture needs values the runner cannot bind: $created.ID, $project.ID
server/internal/handler/project_validation_test.go	20	TestCreateProjectInvalidStatusReturns400	direct_handler	extracted	-	1 fixture(s)
server/internal/handler/project_validation_test.go	35	TestCreateProjectInvalidPriorityReturns400	direct_handler	extracted	-	1 fixture(s)
server/internal/handler/project_validation_test.go	48	TestCreateProjectValidStatusReturns201	direct_handler	extracted	-	1 fixture(s)
server/internal/handler/project_validation_test.go	59	TestCreateProjectValidStatusReturns201	direct_handler	skipped	recorder_var_unresolved	recorder argument 'httptest.NewRecorder()' is not a plain variable
server/internal/handler/project_validation_test.go	73	TestUpdateProjectInvalidStatusReturns400	direct_handler	extracted	-	1 fixture(s)
server/internal/handler/project_validation_test.go	84	TestUpdateProjectInvalidStatusReturns400	direct_handler	skipped	recorder_var_unresolved	recorder argument 'httptest.NewRecorder()' is not a plain variable
server/internal/handler/project_validation_test.go	90	TestUpdateProjectInvalidStatusReturns400	direct_handler	skipped	value_unresolved	fixture needs values the runner cannot bind: $project.ID
server/internal/handler/project_validation_test.go	103	TestDeleteProjectRequiresAdminOrOwner	direct_handler	skipped	value_unresolved	member identity needs values the runner cannot fabricate: $memberUserID
server/internal/handler/project_validation_test.go	125	TestDeleteProjectAllowsAdmin	direct_handler	skipped	value_unresolved	member identity needs values the runner cannot fabricate: $adminUserID
server/internal/handler/project_validation_test.go	182	?	direct_handler	helper_site	-	request built inside a test helper, asserted by its callers
server/internal/handler/property_test.go	41	?	direct_handler	helper_site	-	request built inside a test helper, asserted by its callers
server/internal/handler/property_test.go	83	?	direct_handler	helper_site	-	request built inside a test helper, asserted by its callers
server/internal/handler/property_test.go	114	TestPropertyDefinitionCRUD	direct_handler	extracted	-	1 fixture(s)
server/internal/handler/property_test.go	132	TestPropertyDefinitionCRUD	direct_handler	skipped	body_unresolved	body_unresolved
server/internal/handler/property_test.go	146	TestPropertyDefinitionCRUD	direct_handler	skipped	value_unresolved	fixture needs values the runner cannot bind: $created.ID
server/internal/handler/property_test.go	159	TestPropertyDefinitionCRUD	direct_handler	skipped	value_unresolved	fixture needs values the runner cannot bind: $created.ID
server/internal/handler/property_test.go	166	TestPropertyDefinitionCRUD	direct_handler	skipped	path_not_registered	GET /api/properties{query} is not in docs/fixtures/upstream-routes.tsv
server/internal/handler/property_test.go	214	TestPropertyDefinitionValidation	direct_handler	skipped	body_unresolved	body_unresolved
server/internal/handler/property_test.go	230	TestPropertyAdminGate	direct_handler	extracted	-	1 fixture(s)
server/internal/handler/property_test.go	243	TestPropertyAdminGate	direct_handler	skipped	value_unresolved	fixture needs values the runner cannot bind: $property.ID
server/internal/handler/property_test.go	320	TestIssuePropertyValues	direct_handler	skipped	value_unresolved	fixture needs values the runner cannot bind: $sel.ID
server/internal/handler/property_test.go	330	TestIssuePropertyValues	direct_handler	skipped	value_unresolved	fixture needs values the runner cannot bind: $sel.ID
server/internal/handler/property_test.go	400	TestPropertyOptionRemovalGuard	direct_handler	skipped	ambiguous_status	`w.Code` comparisons in the same block: [200, 409]
server/internal/handler/property_test.go	489	TestListIssuesPropertyFilterAndSort	direct_handler	skipped	path_not_registered	GET /api/issues{query} is not in docs/fixtures/upstream-routes.tsv
server/internal/handler/property_test.go	578	TestListIssuesPropertyFilterAndSort	direct_handler	extracted	-	1 fixture(s)
server/internal/handler/property_test.go	682	TestListIssuesSelectPropertySortOptionOrder	testutil.Call	skipped	no_status_assertion	no .Want(...) in the call chain
server/internal/handler/property_test.go	1027	TestPropertyActorDefinitionRejectsOptions	direct_handler	skipped	body_unresolved	body_unresolved
server/internal/handler/property_test.go	1070	TestIssueActorPropertyValues	direct_handler	extracted	-	1 fixture(s)
server/internal/handler/property_test.go	1190	TestIssueActorPropertyFacets	direct_handler	skipped	request_var_unresolved	request argument 'req' is not traceable
server/internal/handler/property_test.go	1253	TestIssuePropertyFacetNoValue	direct_handler	skipped	body_unresolved	body_unresolved
server/internal/handler/property_test.go	1319	TestIssuePropertyFacetScalarTypes	direct_handler	skipped	request_var_unresolved	request argument 'req' is not traceable
server/internal/handler/property_test.go	1525	TestListIssuesPropertyFilterOperators	direct_handler	skipped	path_not_registered	GET /api/issues{query} is not in docs/fixtures/upstream-routes.tsv
server/internal/handler/property_test.go	1652	TestListIssuesPropertyFilterOperators	direct_handler	skipped	body_unresolved	body_unresolved
server/internal/handler/property_test.go	1779	TestPropertyContainsPrefilterKeepsResultsExact	testutil.Call	skipped	no_status_assertion	no .Want(...) in the call chain
server/internal/handler/quick_action_access_test.go	67	TestUpdateQuickActionRejectsNonOwnerOfPrivateAction	direct_handler	skipped	value_unresolved	fixture needs values the runner cannot bind: $actionID
server/internal/handler/quick_action_access_test.go	92	TestDeleteQuickActionRejectsNonOwnerOfPrivateAction	direct_handler	skipped	value_unresolved	fixture needs values the runner cannot bind: $actionID
server/internal/handler/quick_create_parent_test.go	145	TestQuickCreateIssueParentTrustBoundary	direct_handler	skipped	request_var_unresolved	request argument 'req' is not traceable
server/internal/handler/quick_create_parent_test.go	215	TestQuickCreateIssueParentTrustBoundary	direct_handler	skipped	no_status_assertion	no `w.Code` comparison before line 243
server/internal/handler/quick_create_parent_test.go	243	TestQuickCreateIssueParentTrustBoundary	direct_handler	skipped	request_var_unresolved	request argument 'req' is not traceable
server/internal/handler/quick_create_parent_test.go	262	TestQuickCreateIssueParentTrustBoundary	direct_handler	skipped	request_var_unresolved	request argument 'req' is not traceable
server/internal/handler/quick_create_parent_test.go	279	TestQuickCreateIssueParentTrustBoundary	direct_handler	skipped	request_var_unresolved	request argument 'req' is not traceable
server/internal/handler/quick_create_parent_test.go	305	TestQuickCreateIssueParentTrustBoundary	direct_handler	skipped	request_var_unresolved	request argument 'req' is not traceable
server/internal/handler/quick_create_parent_test.go	334	TestQuickCreateIssueParentTrustBoundary	direct_handler	skipped	request_var_unresolved	request argument 'req' is not traceable
server/internal/handler/quick_create_parent_test.go	347	TestQuickCreateIssueParentTrustBoundary	direct_handler	skipped	request_var_unresolved	request argument 'req' is not traceable
server/internal/handler/resource_label_cascade_test.go	97	TestDeleteAgentRuntime_KeepsUnboundAgentLabelAssignments	direct_handler	skipped	value_unresolved	fixture needs values the runner cannot bind: $runtimeID
server/internal/handler/resource_label_cascade_test.go	126	TestUnbindAgentsAndDeleteRuntime_KeepsAgentLabelAssignments	direct_handler	skipped	body_unresolved	body_unresolved
server/internal/handler/resource_label_cascade_test.go	155	TestDeleteRuntimeProfile_KeepsAgentLabelAssignments	direct_handler	skipped	value_unresolved	fixture needs values the runner cannot bind: $profileID
server/internal/handler/resource_label_cascade_test.go	190	TestDeleteAgentRuntime_CleansSystemAgentLabelAssignments	direct_handler	skipped	value_unresolved	fixture needs values the runner cannot bind: $runtimeID
server/internal/handler/resource_label_cascade_test.go	280	TestDeleteWorkspace_CleansResourceLabelAssignments	direct_handler	extracted	-	1 fixture(s)
server/internal/handler/resource_label_cascade_test.go	325	TestDeleteWorkspace_RollsBackResourceLabelCleanup	direct_handler	skipped	no_status_assertion	no `w.Code` comparison before line 348
server/internal/handler/runtime_access_denied_test.go	35	TestCreateIssue_RuntimeAccessDeniedLeavesNoticeWithoutTask	testutil.Call	skipped	body_unresolved	body_unresolved
server/internal/handler/runtime_access_denied_test.go	73	TestSendChatMessage_RuntimeAccessDeniedReturnsStructuredConflict	testutil.Call	extracted	-	1 fixture(s)
server/internal/handler/runtime_access_denied_test.go	101	TestCommentMention_RuntimeAccessDeniedReportsTargetAndNotice	testutil.Call	skipped	ambiguous_status	WantOneOf accepts several statuses
server/internal/handler/runtime_custom_name_test.go	18	?	direct_handler	helper_site	-	request built inside a test helper, asserted by its callers
server/internal/handler/runtime_custom_name_test.go	141	?	direct_handler	helper_site	-	request built inside a test helper, asserted by its callers
server/internal/handler/runtime_custom_name_test.go	254	TestDaemonRegister_FailedProfileInheritsMachineName	direct_handler	skipped	body_unresolved	body_unresolved
server/internal/handler/runtime_delete_guidance_test.go	65	TestDeleteAgentRuntime_OfflineProfileInstanceRefusalPointsAtAutoCleanup	direct_handler	skipped	value_unresolved	fixture needs values the runner cannot bind: $runtimeID
server/internal/handler/runtime_delete_guidance_test.go	114	TestDeleteAgentRuntime_OnlineProfileInstanceRefusalSaysStopTheDaemon	direct_handler	skipped	value_unresolved	fixture needs values the runner cannot bind: $runtimeID
server/internal/handler/runtime_delete_guidance_test.go	148	TestUnbindAgentsAndDeleteRuntime_ProfileInstanceRefusalCarriesGuidance	direct_handler	skipped	value_unresolved	fixture needs values the runner cannot bind: $runtimeID
server/internal/handler/runtime_delete_guidance_test.go	189	TestDeleteRuntimeProfile_ActiveAgentConflictNamesAgentsAndMachines	direct_handler	skipped	value_unresolved	fixture needs values the runner cannot bind: $profileID
server/internal/handler/runtime_delete_guidance_test.go	261	TestDeleteRuntimeProfile_ActiveAgentConflictTruncatesLongAgentLists	direct_handler	skipped	value_unresolved	fixture needs values the runner cannot bind: $profileID
server/internal/handler/runtime_delete_guidance_test.go	298	TestDeleteAgentRuntime_OfflineProfileInstanceWithBoundAgentsDoesNotPromiseCleanup	direct_handler	skipped	value_unresolved	fixture needs values the runner cannot bind: $runtimeID
server/internal/handler/runtime_delete_guidance_test.go	505	TestDeleteAgentRuntime_OfflineInstanceHeldByMikaGetsMikasOwnRemedy	direct_handler	skipped	value_unresolved	fixture needs values the runner cannot bind: $runtimeID
server/internal/handler/runtime_delete_guidance_test.go	533	?	direct_handler	helper_site	-	request built inside a test helper, asserted by its callers
server/internal/handler/runtime_delete_guidance_test.go	688	TestDeleteAgentRuntime_OfflineInstanceWithUnfinishedTaskDoesNotPromiseCleanup	direct_handler	skipped	body_unresolved	body_unresolved
server/internal/handler/runtime_delete_guidance_test.go	714	TestDeleteAgentRuntime_OfflineInstanceWithUnfinishedTaskDoesNotPromiseCleanup	direct_handler	skipped	no_status_assertion	no `w.Code` comparison before line 716
server/internal/handler/runtime_delete_guidance_test.go	716	TestDeleteAgentRuntime_OfflineInstanceWithUnfinishedTaskDoesNotPromiseCleanup	direct_handler	skipped	value_unresolved	fixture needs values the runner cannot bind: $runtimeID
server/internal/handler/runtime_delete_guidance_test.go	746	TestDeleteRuntimeProfile_BuilderRemedyAddressesTheSessionCreator	direct_handler	skipped	body_unresolved	body_unresolved
server/internal/handler/runtime_delete_guidance_test.go	760	TestDeleteRuntimeProfile_BuilderRemedyAddressesTheSessionCreator	direct_handler	skipped	ambiguous_status	`w.Code` comparisons in the same block: [200, 403]
server/internal/handler/runtime_delete_guidance_test.go	773	TestDeleteRuntimeProfile_BuilderRemedyAddressesTheSessionCreator	direct_handler	skipped	value_unresolved	fixture needs values the runner cannot bind: $session.SessionID
server/internal/handler/runtime_delete_guidance_test.go	810	TestDeleteAgentRuntime_OfflineInstanceMatchesTheRealGCDrainGate	direct_handler	skipped	body_unresolved	body_unresolved
server/internal/handler/runtime_delete_guidance_test.go	819	TestDeleteAgentRuntime_OfflineInstanceMatchesTheRealGCDrainGate	direct_handler	extracted	-	1 fixture(s)
server/internal/handler/runtime_delete_guidance_test.go	861	TestDeleteAgentRuntime_OfflineInstanceMatchesTheRealGCDrainGate	direct_handler	skipped	no_status_assertion	no `w.Code` comparison before line 863
server/internal/handler/runtime_delete_guidance_test.go	863	TestDeleteAgentRuntime_OfflineInstanceMatchesTheRealGCDrainGate	direct_handler	skipped	value_unresolved	fixture needs values the runner cannot bind: $runtimeID
server/internal/handler/runtime_delete_guidance_test.go	894	TestMikaRemedyMatchesWhatMikaCanDo	direct_handler	skipped	value_unresolved	fixture needs values the runner cannot bind: $mikaID
server/internal/handler/runtime_delete_guidance_test.go	902	TestMikaRemedyMatchesWhatMikaCanDo	direct_handler	skipped	body_unresolved	body_unresolved
server/internal/handler/runtime_delete_guidance_test.go	923	TestMikaRemedyMatchesWhatMikaCanDo	direct_handler	skipped	value_unresolved	fixture needs values the runner cannot bind: $source
server/internal/handler/runtime_local_skills_overwrite_test.go	120	?	direct_handler	helper_site	-	request built inside a test helper, asserted by its callers
server/internal/handler/runtime_local_skills_overwrite_test.go	140	?	direct_handler	helper_site	-	request built inside a test helper, asserted by its callers
server/internal/handler/runtime_local_skills_overwrite_test.go	155	?	direct_handler	helper_site	-	request built inside a test helper, asserted by its callers
server/internal/handler/runtime_local_skills_test.go	255	TestListLocalSkills_AllowsNonOwnerForPublicRuntime	direct_handler	skipped	value_unresolved	member identity needs values the runner cannot fabricate: $memberUserID
server/internal/handler/runtime_local_skills_test.go	272	TestListLocalSkills_AllowsNonOwnerForPublicRuntime	direct_handler	skipped	value_unresolved	member identity needs values the runner cannot fabricate: $memberUserID
server/internal/handler/runtime_local_skills_test.go	294	TestInitiateListLocalSkills_WakesDaemon	direct_handler	skipped	value_unresolved	fixture needs values the runner cannot bind: $runtimeID
server/internal/handler/runtime_local_skills_test.go	330	TestListLocalSkills_RejectsNonMember	direct_handler	skipped	value_unresolved	member identity needs values the runner cannot fabricate: $outsiderID
server/internal/handler/runtime_local_skills_test.go	352	TestInitiateImportLocalSkill_RequiresRuntimeOwner	direct_handler	skipped	value_unresolved	member identity needs values the runner cannot fabricate: $adminUserID
server/internal/handler/runtime_local_skills_test.go	376	TestInitiateImportLocalSkill_WakesDaemonAfterValidEnqueue	direct_handler	skipped	value_unresolved	fixture needs values the runner cannot bind: $runtimeID
server/internal/handler/runtime_local_skills_test.go	392	TestInitiateImportLocalSkill_WakesDaemonAfterValidEnqueue	direct_handler	skipped	value_unresolved	fixture needs values the runner cannot bind: $runtimeID
server/internal/handler/runtime_local_skills_test.go	424	TestGetLocalSkillImportRequest_RequiresRuntimeOwner	direct_handler	skipped	value_unresolved	member identity needs values the runner cannot fabricate: $adminUserID
server/internal/handler/runtime_local_skills_test.go	446	TestRuntimeLocalSkillImportFlow_EndToEnd	direct_handler	skipped	value_unresolved	fixture needs values the runner cannot bind: $runtimeID
server/internal/handler/runtime_local_skills_test.go	460	TestRuntimeLocalSkillImportFlow_EndToEnd	direct_handler	skipped	body_unresolved	body_unresolved
server/internal/handler/runtime_local_skills_test.go	507	TestRuntimeLocalSkillImportFlow_EndToEnd	direct_handler	skipped	body_unresolved	body_unresolved
server/internal/handler/runtime_local_skills_test.go	518	TestRuntimeLocalSkillImportFlow_EndToEnd	direct_handler	skipped	value_unresolved	fixture needs values the runner cannot bind: $importReq.ID, $runtimeID
server/internal/handler/runtime_local_skills_test.go	568	TestBatchImportViaHeartbeat	direct_handler	skipped	request_var_unresolved	request argument 'req' is not traceable
server/internal/handler/runtime_local_skills_test.go	585	TestBatchImportViaHeartbeat	direct_handler	skipped	body_unresolved	body_unresolved
server/internal/handler/runtime_local_skills_test.go	634	TestBatchImportViaHeartbeat	direct_handler	skipped	body_unresolved	body_unresolved
server/internal/handler/runtime_local_skills_test.go	697	TestReportLocalSkillImportResult_IgnoresTimedOutRequests	direct_handler	skipped	value_unresolved	fixture needs values the runner cannot bind: $importReq.ID, $runtimeID
server/internal/handler/runtime_local_skills_test.go	732	TestReportLocalSkillImportResult_RejectsCrossWorkspaceDaemonToken	direct_handler	skipped	value_unresolved	fixture needs values the runner cannot bind: $importReq.ID, $runtimeID
server/internal/handler/runtime_lookup_metrics_test.go	52	TestAgentRuntimeLookupWSHotPathIsZeroRead	testutil.Call	skipped	body_unresolved	body_unresolved
server/internal/handler/runtime_lookup_metrics_test.go	59	TestAgentRuntimeLookupWSHotPathIsZeroRead	testutil.Call	skipped	path_not_literal	path_not_literal
server/internal/handler/runtime_lookup_metrics_test.go	121	TestAgentRuntimeLookupBatchClaimIsAttributed	testutil.Call	skipped	body_unresolved	body_unresolved
server/internal/handler/runtime_model_catalog_fallback_test.go	30	?	direct_handler	helper_site	-	request built inside a test helper, asserted by its callers
server/internal/handler/runtime_model_catalog_test.go	314	TestInitiateListModels_ForceSkipsCatalogCache	testutil.Call	skipped	request_var_unresolved	request expression is not traceable
server/internal/handler/runtime_model_catalog_test.go	326	TestInitiateListModels_ForceSkipsCatalogCache	testutil.Call	skipped	request_var_unresolved	request expression is not traceable
server/internal/handler/runtime_profile_handler_test.go	111	TestDeleteRuntimeProfile_ArchivedAgentUnbindCascade	direct_handler	skipped	value_unresolved	fixture needs values the runner cannot bind: $profileID
server/internal/handler/runtime_profile_handler_test.go	182	TestDeleteRuntimeProfile_ActiveAgentBlocks	direct_handler	skipped	value_unresolved	fixture needs values the runner cannot bind: $profileID
server/internal/handler/runtime_profile_handler_test.go	218	TestDeleteRuntimeProfile_WorkspaceMismatchReturnsStructuredConflict	direct_handler	skipped	value_unresolved	fixture needs values the runner cannot bind: $profileID
server/internal/handler/runtime_profile_handler_test.go	264	TestDeleteRuntimeProfile_MissingProfileWithOrphanRuntimesCleansUp	direct_handler	skipped	value_unresolved	fixture needs values the runner cannot bind: $profileID
server/internal/handler/runtime_profile_handler_test.go	288	TestDeleteRuntimeProfile_MissingProfileNoOrphansStillReturns404	direct_handler	extracted	-	1 fixture(s)
server/internal/handler/runtime_profile_handler_test.go	359	TestCreateRuntimeProfile_ForcesWorkspaceVisibility	direct_handler	extracted	-	1 fixture(s)
server/internal/handler/runtime_profile_handler_test.go	422	TestCreateRuntimeProfile_ValidatesCommandAndFixedArgs	direct_handler	skipped	request_var_unresolved	request argument 'req' is not traceable
server/internal/handler/runtime_profile_handler_test.go	461	TestCreateRuntimeProfile_RuntimeIdentity	direct_handler	skipped	no_status_assertion	no `w.Code` comparison before line 482
server/internal/handler/runtime_profile_handler_test.go	496	TestUpdateRuntimeProfile_RejectsIdentityChange	direct_handler	skipped	request_var_unresolved	request argument 'req' is not traceable
server/internal/handler/runtime_test.go	183	TestGetRuntimeUsage_BucketsByUsageTime	direct_handler	skipped	value_unresolved	fixture needs values the runner cannot bind: $runtimeID
server/internal/handler/runtime_unbind_delete_test.go	159	TestDeleteAgentRuntime_StructuredConflict	direct_handler	skipped	value_unresolved	fixture needs values the runner cannot bind: $runtimeID
server/internal/handler/runtime_unbind_delete_test.go	191	TestDeleteAgentRuntime_WorkspaceMismatchReturnsStructuredConflict	direct_handler	skipped	value_unresolved	fixture needs values the runner cannot bind: $runtimeID
server/internal/handler/runtime_unbind_delete_test.go	308	TestDeleteAgentRuntime_CustomProfileInstanceRefusesDirectDelete	direct_handler	skipped	value_unresolved	fixture needs values the runner cannot bind: $runtimeID
server/internal/handler/runtime_unbind_delete_test.go	349	TestDeleteAgentRuntime_OrphanedProfileAllowsDirectDelete	direct_handler	skipped	value_unresolved	fixture needs values the runner cannot bind: $runtimeID
server/internal/handler/runtime_unbind_delete_test.go	386	TestUnbindAgentsAndDeleteRuntime_HappyPath	direct_handler	skipped	body_unresolved	body_unresolved
server/internal/handler/runtime_unbind_delete_test.go	458	TestUnbindAgentsAndDeleteRuntime_CustomProfileInstanceRefusesDirectDelete	direct_handler	skipped	value_unresolved	fixture needs values the runner cannot bind: $runtimeID
server/internal/handler/runtime_unbind_delete_test.go	497	TestUnbindAgentsAndDeleteRuntime_OrphanedProfileAllowsCascade	direct_handler	skipped	value_unresolved	fixture needs values the runner cannot bind: $runtimeID
server/internal/handler/runtime_unbind_delete_test.go	531	TestUnbindAgentsAndDeleteRuntime_PlanChanged	direct_handler	skipped	body_unresolved	body_unresolved
server/internal/handler/runtime_unbind_preserves_data_test.go	407	TestUnbindAgentsAndDeleteRuntime_LegacyRouteBehavesTheSame	direct_handler	skipped	body_unresolved	body_unresolved
server/internal/handler/runtime_unbind_preserves_data_test.go	480	?	direct_handler	helper_site	-	request built inside a test helper, asserted by its callers
server/internal/handler/runtime_unbind_squad_test.go	168	TestDeleteAgentRuntime_KeepsSquadsLedByUnboundAgents	direct_handler	skipped	value_unresolved	fixture needs values the runner cannot bind: $runtimeID
server/internal/handler/runtime_unbind_squad_test.go	219	TestDeleteAgentRuntime_ActiveSquadWithArchivedLeaderNoLongerConflicts	direct_handler	skipped	value_unresolved	fixture needs values the runner cannot bind: $runtimeID
server/internal/handler/runtime_unbind_squad_test.go	258	TestDeleteAgentRuntime_NoSquadsRegression	direct_handler	skipped	value_unresolved	fixture needs values the runner cannot bind: $runtimeID
server/internal/handler/runtime_unbind_squad_test.go	324	TestUpdateSquad_UnboundLeaderPausesOnlySquadAutopilots	direct_handler	skipped	body_unresolved	body_unresolved
server/internal/handler/runtime_unbind_squad_test.go	371	TestDeleteAgentRuntime_StillBlockedByActiveAgents	direct_handler	skipped	value_unresolved	fixture needs values the runner cannot bind: $runtimeID
server/internal/handler/runtime_update_authorization_test.go	65	TestInitiateUpdateRequiresRuntimeManager	direct_handler	skipped	no_status_assertion	no `w.Code` comparison before line 81
server/internal/handler/runtime_update_authorization_test.go	121	TestGetUpdateRequiresRuntimeManager	direct_handler	skipped	no_status_assertion	no `w.Code` comparison before line 128
server/internal/handler/runtime_update_authorization_test.go	153	TestGetUpdateAllowsInitiatorAfterAdminDemotionOnPublicRuntime	direct_handler	skipped	value_unresolved	member identity needs values the runner cannot fabricate: $adminID
server/internal/handler/runtime_update_authorization_test.go	173	TestGetUpdateAllowsInitiatorAfterAdminDemotionOnPublicRuntime	direct_handler	skipped	value_unresolved	member identity needs values the runner cannot fabricate: $adminID
server/internal/handler/runtime_update_error_classification_test.go	46	TestInitiateUpdate_InfrastructureErrorIsNotAConflict	direct_handler	skipped	value_unresolved	fixture needs values the runner cannot bind: $testRuntimeID
server/internal/handler/runtime_update_error_classification_test.go	75	TestInitiateUpdate_InProgressStillConflicts	direct_handler	skipped	value_unresolved	fixture needs values the runner cannot bind: $testRuntimeID
server/internal/handler/runtime_visibility_test.go	178	TestCreateAgent_RejectsPrivateRuntimeForNonOwner	direct_handler	skipped	body_unresolved	body_unresolved
server/internal/handler/runtime_visibility_test.go	185	TestCreateAgent_RejectsPrivateRuntimeForNonOwner	direct_handler	skipped	body_unresolved	body_unresolved
server/internal/handler/runtime_visibility_test.go	192	TestCreateAgent_RejectsPrivateRuntimeForNonOwner	direct_handler	skipped	body_unresolved	body_unresolved
server/internal/handler/runtime_visibility_test.go	228	TestCreateAgent_AllowsPublicRuntimeForPlainMember	direct_handler	skipped	body_unresolved	body_unresolved
server/internal/handler/runtime_visibility_test.go	251	TestListAgentRuntimes_HidesOtherMembersPrivateRuntimes	testutil.Call	skipped	value_unresolved	fixture needs values the runner cannot bind: $plainMemberID
server/internal/handler/runtime_visibility_test.go	275	TestListAgentRuntimes_AllowsAdminsToGovernPrivateRuntimes	testutil.Call	skipped	value_unresolved	fixture needs values the runner cannot bind: $adminID
server/internal/handler/runtime_visibility_test.go	348	TestPrivateRuntimeReadEndpointsHideKnownRuntimeFromNonOwners	direct_handler	skipped	value_unresolved	member identity needs values the runner cannot fabricate: $runtimeOwnerID
server/internal/handler/runtime_visibility_test.go	358	TestPrivateRuntimeReadEndpointsHideKnownRuntimeFromNonOwners	direct_handler	skipped	value_unresolved	member identity needs values the runner cannot fabricate: $plainMemberID
server/internal/handler/runtime_visibility_test.go	416	TestUpdateAgent_RejectsRebindToPrivateRuntime	direct_handler	skipped	body_unresolved	body_unresolved
server/internal/handler/runtime_visibility_test.go	461	TestUpdateAgent_WorkspaceAdminCannotRebindToMemberPrivateRuntime	direct_handler	skipped	no_status_assertion	no `w.Code` comparison before line 470
server/internal/handler/runtime_visibility_test.go	470	TestUpdateAgent_WorkspaceAdminCannotRebindToMemberPrivateRuntime	direct_handler	skipped	ambiguous_status	`w.Code` comparisons in the same block: [200, 403]
server/internal/handler/runtime_visibility_test.go	552	TestUpdateAgentRuntime_VisibilityPatchApplies	direct_handler	skipped	value_unresolved	member identity needs values the runner cannot fabricate: $runtimeOwnerID
server/internal/handler/runtime_visibility_test.go	586	TestUpdateAgentRuntime_IgnoresTimezoneField	direct_handler	skipped	value_unresolved	member identity needs values the runner cannot fabricate: $runtimeOwnerID
server/internal/handler/runtime_visibility_test.go	624	TestUpdateAgentRuntime_InvalidVisibilityReturns400	direct_handler	skipped	value_unresolved	member identity needs values the runner cannot fabricate: $runtimeOwnerID
server/internal/handler/runtime_visibility_test.go	647	TestUpdateAgentRuntime_VisibilityToggle	direct_handler	skipped	ambiguous_status	`w.Code` comparisons in the same block: [200, 400, 403]
server/internal/handler/runtime_visibility_test.go	705	TestUpdateAgentRuntime_AdminMayEchoUnchangedVisibility	direct_handler	skipped	value_unresolved	fixture needs values the runner cannot bind: $runtimeID
server/internal/handler/search_cancelled_rank_test.go	70	?	direct_handler	helper_site	-	request built inside a test helper, asserted by its callers
server/internal/handler/search_response_test.go	16	TestSearchIssuesOmitsExactTotal	direct_handler	skipped	no_status_assertion	no `recorder.Code` comparison before line 18
server/internal/handler/search_response_test.go	26	TestSearchProjectsOmitsExactTotal	direct_handler	skipped	no_status_assertion	no `recorder.Code` comparison before line 28
server/internal/handler/seat_capacity_test.go	287	TestAcceptInvitationRejectsUnavailableReservedCapacity	testutil.Call	skipped	no_status_assertion	no .Want(...) in the call chain
server/internal/handler/session_test.go	55	TestRefreshSession_RenewsBearerSessionInsideWindow	testutil.Call	skipped	no_status_assertion	no .Want(...) in the call chain
server/internal/handler/session_test.go	85	TestRefreshSession_OutsideWindowIsANoOp	testutil.Call	skipped	no_status_assertion	no .Want(...) in the call chain
server/internal/handler/session_test.go	105	TestRefreshSession_CookieModeDoesNotLeakTheToken	testutil.Call	skipped	no_status_assertion	no .Want(...) in the call chain
server/internal/handler/session_test.go	144	TestRefreshSession_RejectsNonSessionCredentials	testutil.Call	skipped	no_status_assertion	no .Want(...) in the call chain
server/internal/handler/session_test.go	150	TestRefreshSession_RejectsNonSessionCredentials	testutil.Call	skipped	no_status_assertion	no .Want(...) in the call chain
server/internal/handler/session_test.go	161	TestRefreshSession_DoesNotReviveExpiredSession	testutil.Call	skipped	no_status_assertion	no .Want(...) in the call chain
server/internal/handler/session_test.go	178	TestRefreshSession_RejectsSubjectMismatch	testutil.Call	skipped	no_status_assertion	no .Want(...) in the call chain
server/internal/handler/session_test.go	188	TestRefreshSession_MigratesLegacySession	testutil.Call	skipped	no_status_assertion	no .Want(...) in the call chain
server/internal/handler/share_link_test.go	237	TestCreateShareLink_InvalidatesOldLink	direct_handler	skipped	body_unresolved	body_unresolved
server/internal/handler/share_link_test.go	260	TestCreateShareLink_RejectsInvalidInput	direct_handler	skipped	body_unresolved	body_unresolved
server/internal/handler/share_link_test.go	270	TestCreateShareLink_RejectsInvalidInput	direct_handler	skipped	body_unresolved	body_unresolved
server/internal/handler/share_link_test.go	284	TestCreateShareLink_RejectsOverflowingInput	direct_handler	skipped	body_unresolved	body_unresolved
server/internal/handler/share_link_test.go	294	TestCreateShareLink_RejectsOverflowingInput	direct_handler	skipped	body_unresolved	body_unresolved
server/internal/handler/share_link_test.go	305	TestCreateShareLink_RejectsOverflowingInput	direct_handler	skipped	body_unresolved	body_unresolved
server/internal/handler/share_link_test.go	329	TestCreateShareLink_RejectsOverflowingInput	direct_handler	skipped	body_unresolved	body_unresolved
server/internal/handler/share_link_test.go	345	TestJoinShareLink_ExpiredAndRevoked	direct_handler	skipped	body_unresolved	body_unresolved
server/internal/handler/share_link_test.go	365	TestJoinShareLink_ExpiredAndRevoked	direct_handler	skipped	body_unresolved	body_unresolved
server/internal/handler/share_link_test.go	388	TestJoinShareLink_ConcurrentLastUse	direct_handler	skipped	no_status_assertion	no `w.Code` comparison before line 410
server/internal/handler/share_link_test.go	422	TestJoinShareLink_DuplicateJoinDoesNotConsumeUse	direct_handler	skipped	body_unresolved	body_unresolved
server/internal/handler/share_link_test.go	431	TestJoinShareLink_DuplicateJoinDoesNotConsumeUse	direct_handler	skipped	body_unresolved	body_unresolved
server/internal/handler/share_link_test.go	477	TestJoinShareLink_ReactivatesDeadLetterWithSameCapacityToken	direct_handler	skipped	body_unresolved	body_unresolved
server/internal/handler/share_link_test.go	513	TestJoinShareLink_ConcurrentSameUserUsesOneCapacityOperation	direct_handler	skipped	no_status_assertion	no `w.Code` comparison before line 547
server/internal/handler/share_link_test.go	602	TestJoinShareLink_SettlesPendingInvitation	direct_handler	skipped	body_unresolved	body_unresolved
server/internal/handler/share_link_test.go	648	TestJoinShareLink_SettledInvitationPublishesAcceptedEvent	direct_handler	skipped	body_unresolved	body_unresolved
server/internal/handler/share_link_test.go	694	TestJoinShareLink_SettledInvitationReleasesSeatReservation	direct_handler	skipped	body_unresolved	body_unresolved
server/internal/handler/share_link_test.go	733	TestJoinShareLink_SettlesPendingInvitationUnmanagedCapacity	direct_handler	skipped	body_unresolved	body_unresolved
server/internal/handler/share_link_test.go	762	TestJoinShareLink_NoPendingInvitationJoinsNormally	direct_handler	skipped	body_unresolved	body_unresolved
server/internal/handler/share_link_test.go	785	TestGetShareLinkInfo_PublicResponseSlim	direct_handler	skipped	value_unresolved	fixture needs values the runner cannot bind: $link.Code
server/internal/handler/share_link_test.go	864	TestCreateShareLink_ConcurrentCreatesSingleActive	direct_handler	skipped	no_status_assertion	no `w.Code` comparison before line 887
server/internal/handler/skill_import_archive_test.go	354	TestImportSkill_ArchiveUploadCreatesSkill	direct_handler	skipped	body_unresolved	body_unresolved
server/internal/handler/skill_import_archive_test.go	392	TestImportSkill_ArchiveUploadConflictSkip	direct_handler	skipped	body_unresolved	body_unresolved
server/internal/handler/skill_import_archive_test.go	414	TestImportSkill_ArchiveUploadRejectsNonZip	direct_handler	skipped	body_unresolved	body_unresolved
server/internal/handler/skill_import_duplicate_test.go	103	TestImportSkillOnConflictSkipReturnsStructuredResult	direct_handler	skipped	body_unresolved	body_unresolved
server/internal/handler/skill_import_duplicate_test.go	134	TestImportSkillOnConflictRenameCreatesSuffixedSkill	direct_handler	skipped	body_unresolved	body_unresolved
server/internal/handler/skill_list_test.go	23	TestListSkills_OmitsContent	direct_handler	extracted	-	1 fixture(s)
server/internal/handler/skill_list_test.go	67	TestGetSkill_IncludesContent	direct_handler	skipped	value_unresolved	fixture needs values the runner cannot bind: $skillID
server/internal/handler/skill_list_test.go	97	TestListAgentSkills_OmitsContent	direct_handler	extracted	-	1 fixture(s)
server/internal/handler/skill_list_test.go	136	TestSetAgentSkillEnabledControlsExecutionWithoutRemovingAssignment	direct_handler	skipped	request_var_unresolved	request argument 'req' is not traceable
server/internal/handler/skill_list_test.go	192	TestSetAgentRuntimeSkillEnabledPersistsScopedOverride	direct_handler	skipped	request_var_unresolved	request argument 'req' is not traceable
server/internal/handler/skill_list_test.go	239	TestGetSkill_MalformedUUIDReturns400	direct_handler	extracted	-	1 fixture(s)
server/internal/handler/skill_list_test.go	270	TestListSkills_IncludesAttachedLabelsAndOmitsContent	direct_handler	extracted	-	1 fixture(s)
server/internal/handler/skill_list_test.go	286	TestListSkills_IncludesAttachedLabelsAndOmitsContent	direct_handler	skipped	no_status_assertion	no `w.Code` comparison before line 297
server/internal/handler/skill_list_test.go	297	TestListSkills_IncludesAttachedLabelsAndOmitsContent	direct_handler	extracted	-	1 fixture(s)
server/internal/handler/skill_metadata_test.go	53	TestListSkillFilesMetadataOmitsBodies	testutil.Call	skipped	request_var_unresolved	request expression is not traceable
server/internal/handler/skill_metadata_test.go	147	TestGetSkillIncludeMetadataDropsBodies	testutil.Call	skipped	request_var_unresolved	request expression is not traceable
server/internal/handler/skill_metadata_test.go	187	TestSkillMetadataSizeDoesNotTrackContentSize	testutil.Call	skipped	request_var_unresolved	request expression is not traceable
server/internal/handler/skill_metadata_test.go	277	TestSkillIncludeRejectsUnknownValue	testutil.Call	skipped	no_status_assertion	no .Want(...) in the call chain
server/internal/handler/skill_metadata_test.go	281	TestSkillIncludeRejectsUnknownValue	testutil.Call	skipped	no_status_assertion	no .Want(...) in the call chain
server/internal/handler/skill_refresh_test.go	95	?	direct_handler	helper_site	-	request built inside a test helper, asserted by its callers
server/internal/handler/skill_search_test.go	70	TestSearchSkillsReturnsNormalizedClawHubCandidates	direct_handler	extracted	-	1 fixture(s)
server/internal/handler/skill_search_test.go	109	TestSearchSkillsEmptyQueryReturns400	direct_handler	extracted	-	1 fixture(s)
server/internal/handler/skill_search_test.go	130	TestSearchSkillsUpstreamUnavailableReturnsStructuredError	direct_handler	skipped	no_status_assertion	no `w.Code` comparison before line 141
server/internal/handler/source_context_integration_test.go	122	TestRetrySourceContextQuickCreateReturnsIssueLimitRecovery	direct_handler	skipped	no_status_assertion	no `recorder.Code` comparison before line 151
server/internal/handler/source_context_integration_test.go	254	TestCommentSourceContextLifecycle	direct_handler	skipped	value_unresolved	fixture needs values the runner cannot bind: $selectedID
server/internal/handler/source_context_integration_test.go	321	TestCommentSourceContextLifecycle	direct_handler	skipped	body_unresolved	body_unresolved
server/internal/handler/source_context_integration_test.go	386	TestCommentSourceContextLifecycle	direct_handler	skipped	no_status_assertion	no `fullRecorder.Code` comparison before line 445
server/internal/handler/source_context_integration_test.go	445	TestCommentSourceContextLifecycle	direct_handler	skipped	body_unresolved	body_unresolved
server/internal/handler/source_context_integration_test.go	480	TestCommentSourceContextLifecycle	direct_handler	extracted	-	1 fixture(s)
server/internal/handler/source_context_integration_test.go	580	TestCommentSourceContextLifecycle	direct_handler	skipped	value_unresolved	fixture needs values the runner cannot bind: $issueCloneID
server/internal/handler/source_context_integration_test.go	612	TestCommentSourceContextLifecycle	direct_handler	skipped	path_not_registered	DELETE /api/issues is not in docs/fixtures/upstream-routes.tsv
server/internal/handler/source_context_integration_test.go	644	TestCommentSourceContextLifecycle	direct_handler	extracted	-	1 fixture(s)
server/internal/handler/source_context_integration_test.go	653	TestCommentSourceContextLifecycle	direct_handler	skipped	value_unresolved	fixture needs values the runner cannot bind: $created.ID
server/internal/handler/source_context_integration_test.go	745	TestBatchDeleteParentAndChildPublishesOnlySurvivingDetach	direct_handler	skipped	body_unresolved	body_unresolved
server/internal/handler/squad_assign_trigger_test.go	43	TestCreateIssueAssignedToSquadEnqueuesLeader	direct_handler	skipped	body_unresolved	body_unresolved
server/internal/handler/squad_assign_trigger_test.go	55	TestCreateIssueAssignedToSquadEnqueuesLeader	direct_handler	skipped	recorder_var_unresolved	recorder argument 'httptest.NewRecorder()' is not a plain variable
server/internal/handler/squad_briefing_claim_test.go	25	?	direct_handler	helper_site	-	request built inside a test helper, asserted by its callers
server/internal/handler/squad_briefing_test.go	376	?	direct_handler	helper_site	-	request built inside a test helper, asserted by its callers
server/internal/handler/squad_comment_trigger_test.go	347	TestCreateComment_SquadPlainReplyToMemberParentKeepsRootMentionOwner	direct_handler	skipped	request_var_unresolved	request argument 'r' is not traceable
server/internal/handler/squad_comment_trigger_test.go	443	TestCreateComment_DualRoleAgentWorkerCommentWakesLeader	direct_handler	skipped	value_unresolved	fixture needs values the runner cannot bind: $fx.LeaderID, $workerTaskID
server/internal/handler/squad_comment_trigger_test.go	488	TestCreateComment_SquadLeaderMentionTaskDoesNotSelfTriggerAssignedFallback	direct_handler	skipped	request_var_unresolved	request argument 'r' is not traceable
server/internal/handler/squad_comment_trigger_test.go	505	TestCreateComment_SquadLeaderMentionTaskDoesNotSelfTriggerAssignedFallback	direct_handler	skipped	request_var_unresolved	request argument 'r' is not traceable
server/internal/handler/squad_comment_trigger_test.go	588	TestCreateComment_SquadLeaderThreadParentTaskDoesNotSelfTriggerAssignedFallback	direct_handler	skipped	request_var_unresolved	request argument 'r' is not traceable
server/internal/handler/squad_comment_trigger_test.go	603	TestCreateComment_SquadLeaderThreadParentTaskDoesNotSelfTriggerAssignedFallback	direct_handler	skipped	request_var_unresolved	request argument 'r' is not traceable
server/internal/handler/squad_comment_trigger_test.go	728	TestCreateComment_ReplyToAgentCommentContinuesAuthoringRole	testutil.Call	skipped	request_var_unresolved	request expression is not traceable
server/internal/handler/squad_comment_trigger_test.go	855	TestCreateComment_SquadMentionPrivateLeaderBlocksPlainMember	direct_handler	skipped	body_unresolved	body_unresolved
server/internal/handler/squad_comment_trigger_test.go	934	TestCreateComment_SquadMentionTriggersLeader	direct_handler	skipped	body_unresolved	body_unresolved
server/internal/handler/squad_creator_scope_test.go	42	?	direct_handler	helper_site	-	request built inside a test helper, asserted by its callers
server/internal/handler/squad_creator_scope_test.go	87	TestManageSquad_CreatorCanManageOwn	direct_handler	skipped	path_not_registered	PATCH /api/squads is not in docs/fixtures/upstream-routes.tsv
server/internal/handler/squad_creator_scope_test.go	96	TestManageSquad_CreatorCanManageOwn	direct_handler	skipped	body_unresolved	body_unresolved
server/internal/handler/squad_creator_scope_test.go	106	TestManageSquad_CreatorCanManageOwn	direct_handler	skipped	path_not_registered	DELETE /api/squads is not in docs/fixtures/upstream-routes.tsv
server/internal/handler/squad_creator_scope_test.go	127	TestManageSquad_StrangerMemberForbidden	direct_handler	skipped	path_not_registered	PATCH /api/squads is not in docs/fixtures/upstream-routes.tsv
server/internal/handler/squad_creator_scope_test.go	136	TestManageSquad_StrangerMemberForbidden	direct_handler	skipped	path_not_registered	DELETE /api/squads is not in docs/fixtures/upstream-routes.tsv
server/internal/handler/squad_creator_scope_test.go	144	TestManageSquad_StrangerMemberForbidden	direct_handler	skipped	path_not_registered	PATCH /api/squads is not in docs/fixtures/upstream-routes.tsv
server/internal/handler/squad_creator_scope_test.go	168	TestAddSquadMember_CreatorAgentAccessGate	direct_handler	skipped	body_unresolved	body_unresolved
server/internal/handler/squad_creator_scope_test.go	178	TestAddSquadMember_CreatorAgentAccessGate	direct_handler	skipped	body_unresolved	body_unresolved
server/internal/handler/squad_creator_scope_test.go	188	TestAddSquadMember_CreatorAgentAccessGate	direct_handler	skipped	body_unresolved	body_unresolved
server/internal/handler/squad_creator_scope_test.go	210	TestCreateSquad_CreatorPrivateLeaderForbidden	direct_handler	skipped	body_unresolved	body_unresolved
server/internal/handler/squad_evaluation_provenance_test.go	115	TestRecordSquadLeaderEvaluation_AcceptedOnNonSquadAssignedIssue	testutil.Call	skipped	request_var_unresolved	request expression is not traceable
server/internal/handler/squad_evaluation_provenance_test.go	146	TestRecordSquadLeaderEvaluation_AcceptedOnChildIssueBoundTask	testutil.Call	skipped	request_var_unresolved	request expression is not traceable
server/internal/handler/squad_evaluation_provenance_test.go	160	TestRecordSquadLeaderEvaluation_RejectsNonLeaderTask	testutil.Call	skipped	request_var_unresolved	request expression is not traceable
server/internal/handler/squad_evaluation_provenance_test.go	173	TestRecordSquadLeaderEvaluation_RejectsLeaderTaskWithoutSquadID	testutil.Call	skipped	request_var_unresolved	request expression is not traceable
server/internal/handler/squad_evaluation_provenance_test.go	193	TestRecordSquadLeaderEvaluation_RejectsCrossIssueTaskAndNamesTaskIssue	testutil.Call	skipped	request_var_unresolved	request expression is not traceable
server/internal/handler/squad_evaluation_provenance_test.go	214	TestRecordSquadLeaderEvaluation_RejectsForeignAgentWithoutLeakingTaskIssue	testutil.Call	skipped	request_var_unresolved	request expression is not traceable
server/internal/handler/squad_evaluation_provenance_test.go	262	TestRecordSquadLeaderEvaluation_RejectsForeignWorkspaceTaskWithoutLeakingItsIssue	testutil.Call	skipped	no_status_assertion	no .Want(...) in the call chain
server/internal/handler/squad_evaluation_provenance_test.go	285	TestRecordSquadLeaderEvaluation_RejectsAfterLeaderChange	testutil.Call	skipped	request_var_unresolved	request expression is not traceable
server/internal/handler/squad_id_enqueue_test.go	63	TestCreateComment_SquadMentionStampsSquadIDOnLeaderTask	direct_handler	skipped	body_unresolved	body_unresolved
server/internal/handler/squad_member_status_test.go	101	TestListSquadMemberStatusRetainsWaiterIssueWithoutWorkingStatus	direct_handler	skipped	value_unresolved	fixture needs values the runner cannot bind: $squadID
server/internal/handler/squad_no_action_test.go	72	?	direct_handler	helper_site	-	request built inside a test helper, asserted by its callers
server/internal/handler/squad_no_action_test.go	89	?	direct_handler	helper_site	-	request built inside a test helper, asserted by its callers
server/internal/handler/squad_no_action_test.go	169	TestCreateComment_SquadLeaderNoActionRejectsComment	direct_handler	skipped	body_unresolved	body_unresolved
server/internal/handler/squad_private_leader_test.go	40	TestCreateIssue_SquadPrivateLeader_PlainMemberBlocked	direct_handler	skipped	body_unresolved	body_unresolved
server/internal/handler/squad_private_leader_test.go	87	TestUpdateIssue_SquadPrivateLeader_PlainMemberBlocked	direct_handler	skipped	body_unresolved	body_unresolved
server/internal/handler/squad_private_leader_test.go	126	TestCreateIssue_SquadPrivateLeader_OwnerAllowed	direct_handler	skipped	body_unresolved	body_unresolved
server/internal/handler/squad_private_leader_test.go	185	TestComment_SquadPrivateLeader_PlainMemberNoEnqueue	direct_handler	extracted	-	1 fixture(s)
server/internal/handler/squad_private_leader_test.go	239	TestChildDone_SquadPrivateLeader_PlainMemberWakesLeader	direct_handler	skipped	body_unresolved	body_unresolved
server/internal/handler/squad_private_leader_test.go	266	TestChildDone_SquadPrivateLeader_PlainMemberWakesLeader	direct_handler	skipped	body_unresolved	body_unresolved
server/internal/handler/squad_private_leader_test.go	284	TestChildDone_SquadPrivateLeader_PlainMemberWakesLeader	direct_handler	skipped	path_not_registered	PATCH /api/issues/{id} is not in docs/fixtures/upstream-routes.tsv
server/internal/handler/squad_private_leader_test.go	338	TestChildDone_SquadPrivateLeader_AgentActorWakesLeader	direct_handler	skipped	body_unresolved	body_unresolved
server/internal/handler/squad_private_leader_test.go	366	TestChildDone_SquadPrivateLeader_AgentActorWakesLeader	direct_handler	skipped	body_unresolved	body_unresolved
server/internal/handler/squad_private_leader_test.go	402	TestChildDone_SquadPrivateLeader_AgentActorWakesLeader	direct_handler	skipped	path_not_registered	PATCH /api/issues/{id} is not in docs/fixtures/upstream-routes.tsv
server/internal/handler/squad_private_leader_test.go	482	TestComment_SquadPrivateLeader_AgentActorAllowed	direct_handler	skipped	body_unresolved	body_unresolved
server/internal/handler/squad_worker_comment_wakes_leader_test.go	145	TestCreateComment_GuestSquadWorkerRouting_GH8301	testutil.Call	skipped	request_var_unresolved	request expression is not traceable
server/internal/handler/squad_worker_comment_wakes_leader_test.go	228	TestCreateComment_WorkerAgentCommentWakesSquadLeader_MUL4015	direct_handler	skipped	value_unresolved	fixture needs values the runner cannot bind: $fx.OtherID, $workerTaskID
server/internal/handler/squad_worker_comment_wakes_leader_test.go	302	TestCreateComment_WorkerAgentCommentQueuesSeparatelyFromLeaderAssignment	direct_handler	skipped	value_unresolved	fixture needs values the runner cannot bind: $fx.OtherID, $workerTaskID
server/internal/handler/squad_worker_comment_wakes_leader_test.go	432	TestCreateComment_WorkerAgentCommentWakesPrivateSquadLeader_MUL4015	direct_handler	skipped	body_unresolved	body_unresolved
server/internal/handler/squad_worker_comment_wakes_leader_test.go	487	TestCreateComment_WorkerAgentCommentWakesPrivateSquadLeader_MUL4015	direct_handler	skipped	body_unresolved	body_unresolved
server/internal/handler/subscriber_revoke_race_test.go	107	TestSubtreeUnsubscribe_LosesToConcurrentRevoke	direct_handler	skipped	no_status_assertion	no `w.Code` comparison before line 148
server/internal/handler/subscriber_revoke_race_test.go	156	?	direct_handler	helper_site	-	request built inside a test helper, asserted by its callers
server/internal/handler/subscriber_revoke_race_test.go	166	?	direct_handler	helper_site	-	request built inside a test helper, asserted by its callers
server/internal/handler/subscriber_subtree_endpoint_test.go	44	TestUnsubscribeEndpoints_SubtreeIsASeparateRoute	direct_handler	extracted	-	1 fixture(s)
server/internal/handler/subscriber_subtree_endpoint_test.go	70	TestUnsubscribeEndpoints_SubtreeRouteLeavesDescendants	direct_handler	extracted	-	1 fixture(s)
server/internal/handler/subscriber_subtree_endpoint_test.go	97	?	direct_handler	helper_site	-	request built inside a test helper, asserted by its callers
server/internal/handler/subscriber_subtree_endpoint_test.go	114	?	direct_handler	helper_site	-	request built inside a test helper, asserted by its callers
server/internal/handler/subscriber_subtree_endpoint_test.go	125	?	direct_handler	helper_site	-	request built inside a test helper, asserted by its callers
server/internal/handler/subscriber_test.go	23	TestSubscriberAPI	direct_handler	skipped	request_var_unresolved	request argument 'req' is not traceable
server/internal/handler/subscriber_test.go	38	TestSubscriberAPI	direct_handler	skipped	no_status_assertion	no `w.Code` comparison before line 48
server/internal/handler/subscriber_test.go	48	TestSubscriberAPI	direct_handler	skipped	request_var_unresolved	request argument 'req' is not traceable
server/internal/handler/subscriber_test.go	81	TestSubscriberAPI	direct_handler	skipped	request_var_unresolved	request argument 'req' is not traceable
server/internal/handler/subscriber_test.go	90	TestSubscriberAPI	direct_handler	skipped	request_var_unresolved	request argument 'req' is not traceable
server/internal/handler/subscriber_test.go	104	TestSubscriberAPI	direct_handler	skipped	request_var_unresolved	request argument 'req' is not traceable
server/internal/handler/subscriber_test.go	113	TestSubscriberAPI	direct_handler	skipped	request_var_unresolved	request argument 'req' is not traceable
server/internal/handler/subscriber_test.go	143	TestSubscriberAPI	direct_handler	skipped	request_var_unresolved	request argument 'req' is not traceable
server/internal/handler/subscriber_test.go	152	TestSubscriberAPI	direct_handler	skipped	request_var_unresolved	request argument 'req' is not traceable
server/internal/handler/subscriber_test.go	188	TestSubscriberAPI	direct_handler	skipped	request_var_unresolved	request argument 'req' is not traceable
server/internal/handler/subscriber_test.go	217	TestSubscriberAPI	direct_handler	skipped	request_var_unresolved	request argument 'req' is not traceable
server/internal/handler/subscriber_test.go	247	TestSubscriberAPI	direct_handler	skipped	request_var_unresolved	request argument 'req' is not traceable
server/internal/handler/subscriber_test.go	284	TestSubscriberAPI	direct_handler	skipped	request_var_unresolved	request argument 'req' is not traceable
server/internal/handler/subscriber_test.go	310	TestSubscriberAPI	direct_handler	skipped	no_status_assertion	no `w.Code` comparison before line 316
server/internal/handler/subscriber_test.go	316	TestSubscriberAPI	direct_handler	skipped	no_status_assertion	no `w.Code` comparison before line 322
server/internal/handler/subscriber_test.go	322	TestSubscriberAPI	direct_handler	skipped	request_var_unresolved	request argument 'req' is not traceable
server/internal/handler/task_message_batch_test.go	66	TestReportTaskMessagesPersistsWholeBatch	testutil.Call	skipped	body_unresolved	body_unresolved
server/internal/handler/task_message_batch_test.go	150	TestReportTaskMessagesFallsBackWholeBatchForClockSkew	testutil.Call	skipped	body_unresolved	body_unresolved
server/internal/handler/task_message_batch_test.go	217	TestReportTaskMessagesPublishesInSeqOrder	testutil.Call	skipped	body_unresolved	body_unresolved
server/internal/handler/task_message_call_id_test.go	44	TestTaskMessageCallIDLiveAndHistory	testutil.Call	skipped	body_unresolved	body_unresolved
server/internal/handler/task_message_call_id_test.go	82	TestTaskMessageCallIDLiveAndHistory	testutil.Call	skipped	request_var_unresolved	request expression is not traceable
server/internal/handler/task_payload_nul_test.go	92	TestCompleteTaskCallbackWithNULSucceeds	direct_handler	extracted	-	1 fixture(s)
server/internal/handler/task_payload_nul_test.go	161	TestReportTaskMessagesCallbackWithNULSucceeds	direct_handler	extracted	-	1 fixture(s)
server/internal/handler/task_payload_nul_test.go	221	TestReportTaskMessagesCreatesUUIDv7	direct_handler	extracted	-	1 fixture(s)
server/internal/handler/task_runs_scope_test.go	60	?	testutil.Call	helper_site	-	request built inside a test helper, asserted by its callers
server/internal/handler/task_runs_scope_test.go	184	TestTaskHistoryOmitsUnusedAssigneeFallbacks	testutil.Call	extracted	-	1 fixture(s)
server/internal/handler/task_runs_scope_test.go	415	TestListTasksByIssueRejectsUnknownScope	testutil.Call	skipped	value_unresolved	fixture needs values the runner cannot bind: $f.childA
server/internal/handler/task_terminal_wakeup_test.go	29	?	direct_handler	helper_site	-	request built inside a test helper, asserted by its callers
server/internal/handler/task_usage_response_test.go	69	TestListTasksByIssueHydratesUsage	direct_handler	extracted	-	1 fixture(s)
server/internal/handler/telegram_test.go	21	TestListTelegramInstallationsNotConfiguredReturnsEmpty	direct_handler	extracted	-	1 fixture(s)
server/internal/handler/timeline_hardcap_test.go	40	?	direct_handler	helper_site	-	request built inside a test helper, asserted by its callers
server/internal/handler/user_language_test.go	20	TestUpdateMeFrenchLanguageRoundTrip	testutil.Call	skipped	body_unresolved	body_unresolved
server/internal/handler/user_language_test.go	29	TestUpdateMeFrenchLanguageRoundTrip	testutil.Call	skipped	value_unresolved	fixture needs values the runner cannot bind: $userID
server/internal/handler/user_language_test.go	64	TestUpdateMeAcceptsLanguage	direct_handler	skipped	body_unresolved	body_unresolved
server/internal/handler/user_language_test.go	94	TestUpdateMeAcceptsKoreanLanguage	direct_handler	skipped	body_unresolved	body_unresolved
server/internal/handler/user_language_test.go	114	TestUpdateMeAcceptsJapaneseLanguage	direct_handler	skipped	body_unresolved	body_unresolved
server/internal/handler/user_language_test.go	134	TestUpdateMeRejectsUnsupportedLanguage	direct_handler	skipped	body_unresolved	body_unresolved
server/internal/handler/user_language_test.go	163	TestUpdateMePreservesLanguageWhenNotProvided	direct_handler	skipped	body_unresolved	body_unresolved
server/internal/handler/user_timezone_test.go	32	TestUpdateMeAcceptsTimezone	direct_handler	skipped	body_unresolved	body_unresolved
server/internal/handler/user_timezone_test.go	62	TestUpdateMeRejectsInvalidTimezone	direct_handler	skipped	body_unresolved	body_unresolved
server/internal/handler/user_timezone_test.go	91	TestUpdateMePreservesTimezoneWhenNotProvided	direct_handler	skipped	body_unresolved	body_unresolved
server/internal/handler/user_timezone_test.go	123	TestUpdateMeClearsTimezoneOnEmptyString	direct_handler	skipped	body_unresolved	body_unresolved
server/internal/handler/uuidv7_ids_test.go	32	TestHotTableInsertsPersistUUIDv7	direct_handler	skipped	no_status_assertion	no `ctx.Code` comparison before line 50
server/internal/handler/uuidv7_ids_test.go	50	TestHotTableInsertsPersistUUIDv7	direct_handler	skipped	no_status_assertion	no `ctx.Code` comparison before line 103
server/internal/handler/uuidv7_ids_test.go	103	TestHotTableInsertsPersistUUIDv7	direct_handler	skipped	no_status_assertion	no `ctx.Code` comparison before line 177
server/internal/handler/vcs_test.go	38	TestListVCSConnectionsHonorsDeploymentSwitch	direct_handler	skipped	request_var_unresolved	request argument 'req' is not traceable
server/internal/handler/vcs_test.go	93	TestConnectVCSHonorsDeploymentSwitch	direct_handler	skipped	ambiguous_status	`w.Code` comparisons in the same block: [200, 404]
server/internal/handler/vcs_test.go	155	TestRotateVCSConnectionWebhookHonorsDeploymentSwitch	direct_handler	skipped	ambiguous_status	`w.Code` comparisons in the same block: [200, 404]
server/internal/handler/vcs_webhook_test.go	82	?	direct_handler	helper_site	-	request built inside a test helper, asserted by its callers
server/internal/handler/vcs_webhook_test.go	128	TestVCSWebhook_ForgejoMirrorsAndCloses	direct_handler	skipped	body_unresolved	body_unresolved
server/internal/handler/vcs_webhook_test.go	174	TestVCSWebhook_BareBodyMentionIsNotLinked	direct_handler	skipped	body_unresolved	body_unresolved
server/internal/handler/vcs_webhook_test.go	213	TestVCSWebhook_BareBodyMentionIsNotLinked	direct_handler	skipped	body_unresolved	body_unresolved
server/internal/handler/vcs_webhook_test.go	311	TestDeleteIssue_VCSLinkCleanupIsWorkspaceScoped	direct_handler	skipped	body_unresolved	body_unresolved
server/internal/handler/vcs_webhook_test.go	372	TestVCSWebhook_StaleEventDoesNotRewriteLink	direct_handler	skipped	body_unresolved	body_unresolved
server/internal/handler/vcs_webhook_test.go	422	TestVCSWebhook_GitlabMergeRequest	direct_handler	skipped	body_unresolved	body_unresolved
server/internal/handler/vcs_webhook_test.go	464	TestVCSWebhook_CommitStatusMirrors	direct_handler	skipped	body_unresolved	body_unresolved
server/internal/handler/vcs_webhook_test.go	473	TestVCSWebhook_CommitStatusMirrors	direct_handler	skipped	body_unresolved	body_unresolved
server/internal/handler/vcs_webhook_test.go	494	TestVCSWebhook_BadSignature	direct_handler	skipped	body_unresolved	body_unresolved
server/internal/handler/vcs_webhook_test.go	508	TestVCSWebhook_UnknownConnection	direct_handler	skipped	body_unresolved	body_unresolved
server/internal/handler/vcs_webhook_test.go	531	TestVCSWebhook_DisabledDeploymentReturns404	direct_handler	skipped	body_unresolved	body_unresolved
server/internal/handler/vcs_webhook_test.go	542	TestVCSWebhook_UnconfiguredDeploymentReturns404	direct_handler	skipped	body_unresolved	body_unresolved
server/internal/handler/vcs_webhook_test.go	557	TestVCSWebhook_MalformedTolerated	direct_handler	skipped	body_unresolved	body_unresolved
server/internal/handler/webhook_delivery_test.go	31	?	direct_handler	helper_site	-	request built inside a test helper, asserted by its callers
server/internal/handler/webhook_delivery_test.go	89	?	direct_handler	helper_site	-	request built inside a test helper, asserted by its callers
server/internal/handler/webhook_delivery_test.go	330	TestSigningSecretNotEchoedInTriggerResponse	direct_handler	skipped	value_unresolved	fixture needs values the runner cannot bind: $apID
server/internal/handler/webhook_delivery_test.go	355	TestSigningSecret_MinLengthEnforced	direct_handler	skipped	value_unresolved	fixture needs values the runner cannot bind: $apID, $trig.ID
server/internal/handler/webhook_delivery_test.go	373	TestSigningSecret_EmptyClearsSecret	direct_handler	skipped	value_unresolved	fixture needs values the runner cannot bind: $apID, $trig.ID
server/internal/handler/webhook_delivery_test.go	400	TestReplay_QueuesIdempotentDeliveryForDurableWorker	direct_handler	skipped	path_not_literal	path_not_literal
server/internal/handler/webhook_delivery_test.go	430	TestReplay_QueuesIdempotentDeliveryForDurableWorker	direct_handler	skipped	path_not_literal	path_not_literal
server/internal/handler/webhook_delivery_test.go	467	TestReplay_RejectsInvalidSignatureDelivery	direct_handler	skipped	path_not_literal	path_not_literal
server/internal/handler/webhook_delivery_test.go	485	TestGetDelivery_ReturnsFullPayload	direct_handler	skipped	no_status_assertion	no `wList.Code` comparison before line 494
server/internal/handler/webhook_delivery_test.go	494	TestGetDelivery_ReturnsFullPayload	direct_handler	skipped	value_unresolved	fixture needs values the runner cannot bind: $apID, $deliveryID
server/internal/handler/webhook_delivery_test.go	539	TestGetDelivery_CrossAutopilotReturns404	direct_handler	skipped	value_unresolved	fixture needs values the runner cannot bind: $apB, $deliveryID
server/internal/handler/webhook_delivery_test.go	555	TestCreateAutopilotTrigger_RejectsUnknownProvider	direct_handler	skipped	value_unresolved	fixture needs values the runner cannot bind: $apID
server/internal/handler/webhook_delivery_test.go	571	TestCreateAutopilotTrigger_AcceptsGitHubProvider	direct_handler	skipped	value_unresolved	fixture needs values the runner cannot bind: $apID
server/internal/handler/wecom_web_test.go	49	TestRedeemWecomBindingTokenRefusesAnOversizedBody	direct_handler	skipped	body_unresolved	body_unresolved
server/internal/handler/wecom_web_test.go	67	TestRedeemWecomBindingTokenAcceptsAnOrdinaryBody	direct_handler	skipped	body_unresolved	body_unresolved
server/internal/handler/workspace_delete_fence_test.go	624	TestRuntimeMerge_LateWriteToOldRuntimeIsFencedNotCascaded	direct_handler	skipped	no_status_assertion	no `ctx.Code` comparison before line 658
server/internal/handler/workspace_delete_lock_test.go	101	TestDeleteWorkspace_FailsFastWhenRollupLockHeld	direct_handler	skipped	no_status_assertion	no `w.Code` comparison before line 124
server/internal/handler/workspace_delete_lock_test.go	166	TestDeleteWorkspace_SucceedsWhenRollupLockIsFree	direct_handler	extracted	-	1 fixture(s)
server/internal/handler/workspace_delete_task_discovery_test.go	247	TestDeleteWorkspace_CollectsTasksThroughEveryOwnershipPath	direct_handler	skipped	value_unresolved	fixture needs values the runner cannot bind: $f.victimID
server/internal/handler/workspace_mcp_api_test.go	46	?	direct_handler	helper_site	-	request built inside a test helper, asserted by its callers
server/internal/handler/workspace_mcp_api_test.go	107	?	direct_handler	helper_site	-	request built inside a test helper, asserted by its callers
server/internal/handler/workspace_mcp_api_test.go	225	TestUpdateWorkspaceMcpServer_RenameKeepsBindings	direct_handler	skipped	value_unresolved	fixture needs values the runner cannot bind: $serverID
server/internal/handler/workspace_mcp_api_test.go	249	TestDeleteWorkspaceMcpServer_SweepsBindings	direct_handler	skipped	value_unresolved	fixture needs values the runner cannot bind: $serverID
server/internal/handler/workspace_mcp_api_test.go	270	?	direct_handler	helper_site	-	request built inside a test helper, asserted by its callers
server/internal/handler/workspace_mcp_api_test.go	288	?	direct_handler	helper_site	-	request built inside a test helper, asserted by its callers
server/internal/handler/workspace_mcp_api_test.go	325	TestAgentMcpServerBinding_AddToggleRemove	direct_handler	skipped	value_unresolved	fixture needs values the runner cannot bind: $serverID
server/internal/handler/workspace_mcp_api_test.go	338	TestAgentMcpServerBinding_AddToggleRemove	direct_handler	skipped	value_unresolved	fixture needs values the runner cannot bind: $serverID
server/internal/handler/workspace_mcp_api_test.go	386	TestAddAgentMcpServer_RejectsServerFromAnotherWorkspace	direct_handler	skipped	body_unresolved	body_unresolved
server/internal/handler/workspace_mcp_api_test.go	404	TestAgentMcpServerBinding_ResponseIsSecretFreeAndAgentActorsCannotWrite	direct_handler	skipped	no_status_assertion	no `w.Code` comparison before line 417
server/internal/handler/workspace_mcp_api_test.go	417	TestAgentMcpServerBinding_ResponseIsSecretFreeAndAgentActorsCannotWrite	direct_handler	skipped	body_unresolved	body_unresolved
server/internal/handler/workspace_mcp_race_test.go	96	TestWorkspaceMcpServerCreate_CannotLandAfterWorkspaceTeardownCommits	direct_handler	skipped	no_status_assertion	no `w.Code` comparison before line 128
server/internal/handler/workspace_mcp_race_test.go	186	TestAgentMcpServerAdd_CannotLandAfterServerDeleteCommits	direct_handler	skipped	no_status_assertion	no `w.Code` comparison before line 221
server/internal/handler/workspace_test.go	34	TestCreateWorkspace_RejectsReservedSlug	testutil.Call	skipped	no_status_assertion	no .Want(...) in the call chain
server/internal/handler/workspace_test.go	73	TestCreateWorkspace_DoesNotMarkOnboarded	testutil.Call	skipped	body_unresolved	body_unresolved
server/internal/handler/workspace_test.go	107	TestCreateWorkspace_DisabledByConfig	testutil.Call	skipped	body_unresolved	body_unresolved
server/internal/handler/workspace_test.go	141	TestDeleteWorkspace_RequiresOwner	testutil.Call	extracted	-	1 fixture(s)
server/internal/handler/workspace_test.go	321	TestDeleteWorkspace_OwnerSucceeds	testutil.Call	extracted	-	1 fixture(s)
server/internal/handler/workspace_test.go	598	TestDeleteWorkspace_PreservesOtherWorkspaceData	testutil.Call	skipped	value_unresolved	fixture needs values the runner cannot bind: $targetWorkspaceID
server/internal/handler/workspace_test.go	658	TestUpdateWorkspace_AvatarURL	testutil.Call	skipped	body_unresolved	body_unresolved
server/internal/handler/workspace_test.go	680	TestUpdateWorkspace_AvatarURL	testutil.Call	extracted	-	1 fixture(s)
server/internal/handler/workspace_test.go	729	TestUpdateWorkspace_NotifiesDaemonsOnSettingsChange	testutil.Call	extracted	-	1 fixture(s)
server/internal/handler/workspace_test.go	742	TestUpdateWorkspace_NotifiesDaemonsOnSettingsChange	testutil.Call	extracted	-	1 fixture(s)
server/internal/handler/workspace_test.go	773	TestUpdateWorkspace_ReposValidation	testutil.Call	skipped	request_var_unresolved	request expression is not traceable
server/internal/handler/workspace_test.go	798	TestUpdateWorkspace_ReposValidation	testutil.Call	skipped	request_var_unresolved	request expression is not traceable
server/internal/handler/workspace_test.go	959	TestDeleteMember_RevokesTargetRuntimes	testutil.Call	skipped	value_unresolved	fixture needs values the runner cannot bind: $fx.MemberID, $fx.WorkspaceID
server/internal/handler/workspace_test.go	1011	TestDeleteMember_PrunesChannelUserBindings	testutil.Call	skipped	value_unresolved	fixture needs values the runner cannot bind: $fx.MemberID, $fx.WorkspaceID
server/internal/handler/workspace_test.go	1094	TestDeleteMember_PrunesAutopilotSubscribers	testutil.Call	skipped	value_unresolved	fixture needs values the runner cannot bind: $fx.MemberID, $fx.WorkspaceID
server/internal/handler/workspace_test.go	1136	TestLeaveWorkspace_RevokesOwnRuntimes	testutil.Call	skipped	value_unresolved	fixture needs values the runner cannot bind: $fx.TargetUserID, $fx.WorkspaceID
server/internal/handler/workspace_test.go	1172	TestDeleteMember_CancelsTasksFromAgentReassignment	testutil.Call	skipped	value_unresolved	fixture needs values the runner cannot bind: $fx.MemberID, $fx.WorkspaceID
server/internal/handler/workspace_test.go	1210	TestDeleteMember_CancelsDeferredTasks	testutil.Call	skipped	value_unresolved	fixture needs values the runner cannot bind: $fx.MemberID, $fx.WorkspaceID
server/internal/handler/workspace_test.go	1263	TestDeleteMember_NoRuntimes_DeletesMember	testutil.Call	extracted	-	1 fixture(s)
server/internal/handler/workspace_test.go	1414	TestCreateWorkspace_ChineseNameDerivesPrefixFromSlug	testutil.Call	skipped	body_unresolved	body_unresolved
server/internal/handler/workspace_test.go	1443	TestCreateWorkspace_HonorsExplicitIssuePrefix	testutil.Call	skipped	body_unresolved	body_unresolved
server/internal/handler/workspace_test.go	1480	TestCreateWorkspace_RejectsInvalidIssuePrefix	testutil.Call	skipped	no_status_assertion	no .Want(...) in the call chain
server/internal/handler/workspace_test.go	1508	TestUpdateWorkspace_RejectsInvalidIssuePrefix	testutil.Call	extracted	-	1 fixture(s)
server/internal/handler/workspace_wakeup_test.go	63	TestWorkspaceWakeupsInventory	direct_handler	skipped	no_status_assertion	no `rec.Code` comparison before line 174
server/internal/handler/worktree_claim_gate_test.go	666	TestClaimTask_WorktreeGateSingular	direct_handler	skipped	path_not_registered	POST /api/daemon/runtimes/{runtimeId}/claim is not in docs/fixtures/upstream-routes.tsv
server/internal/handler/worktree_claim_gate_test.go	724	TestClaimTask_WorktreeGateAllowsCurrentRuntime	direct_handler	skipped	path_not_registered	POST /api/daemon/runtimes/{runtimeId}/claim is not in docs/fixtures/upstream-routes.tsv
server/internal/handler/worktree_claim_gate_test.go	792	TestClaimTask_WorktreeGateCancelFailureRequeuesSingular	direct_handler	skipped	path_not_registered	POST /api/daemon/runtimes/{runtimeId}/claim is not in docs/fixtures/upstream-routes.tsv
server/internal/handler/worktree_claim_gate_test.go	1004	TestDaemonRegisterPersistsCapabilities	direct_handler	skipped	request_var_unresolved	request argument 'req' is not traceable
